"Date","Price","Open","High","Low","Vol.","Change %"
"Jun 13, 2020","237.50","237.65","237.78","234.29","45.68K","-0.06%"
"Jun 12, 2020","237.65","230.41","239.28","228.46","54.84K","3.23%"
"Jun 11, 2020","230.22","248.14","250.47","226.00","152.68K","-7.22%"
"Jun 10, 2020","248.14","243.85","250.40","242.50","71.70K","1.82%"
"Jun 09, 2020","243.71","246.60","249.85","238.49","47.85K","-1.08%"
"Jun 08, 2020","246.38","244.73","247.77","241.30","27.69K","0.67%"
"Jun 07, 2020","244.73","242.18","245.41","234.81","57.61K","1.05%"
"Jun 06, 2020","242.18","240.02","244.63","238.00","30.10K","0.90%"
"Jun 05, 2020","240.02","243.43","248.00","239.31","40.89K","-1.40%"
"Jun 04, 2020","243.43","244.83","246.53","236.19","67.03K","-0.57%"
"Jun 03, 2020","244.83","237.61","245.08","233.39","50.93K","3.04%"
"Jun 02, 2020","237.61","248.62","253.69","226.04","168.73K","-4.43%"
"Jun 01, 2020","248.62","231.53","251.54","230.50","100.20K","7.38%"
"May 31, 2020","231.53","243.70","245.30","229.93","73.02K","-4.99%"
"May 30, 2020","243.70","220.55","246.84","219.00","151.52K","10.50%"
"May 29, 2020","220.55","220.53","224.91","217.80","55.33K","0.01%"
"May 28, 2020","220.53","208.54","220.95","204.77","59.39K","5.75%"
"May 27, 2020","208.54","201.23","208.54","201.03","46.27K","3.63%"
"May 26, 2020","201.23","204.07","204.91","196.92","32.66K","-1.39%"
"May 25, 2020","204.07","199.60","205.71","198.00","31.00K","2.24%"
"May 24, 2020","199.60","206.82","210.88","199.60","74.19K","-3.49%"
"May 23, 2020","206.82","207.51","211.29","204.57","30.86K","-0.33%"
"May 22, 2020","207.51","198.54","209.25","196.28","56.29K","4.52%"
"May 21, 2020","198.54","209.63","211.47","191.70","137.60K","-5.29%"
"May 20, 2020","209.63","214.49","215.54","206.35","104.03K","-2.27%"
"May 19, 2020","214.49","214.55","215.68","209.16","54.25K","-0.03%"
"May 18, 2020","214.55","206.90","217.00","206.90","85.52K","3.70%"
"May 17, 2020","206.90","200.46","209.82","199.79","68.51K","3.21%"
"May 16, 2020","200.46","194.64","203.44","193.36","41.92K","2.99%"
"May 15, 2020","194.64","203.23","204.19","191.70","56.79K","-4.23%"
"May 14, 2020","203.23","199.83","206.00","196.02","64.42K","1.70%"
"May 13, 2020","199.83","189.77","201.19","188.46","60.66K","5.30%"
"May 12, 2020","189.77","185.59","192.37","185.57","62.65K","2.25%"
"May 11, 2020","185.59","187.71","193.53","175.73","132.29K","-1.13%"
"May 10, 2020","187.71","209.94","209.94","179.85","495.32K","-10.59%"
"May 09, 2020","209.94","211.25","214.65","208.38","53.65K","-0.66%"
"May 08, 2020","211.34","212.24","217.01","207.00","89.57K","-0.40%"
"May 07, 2020","212.19","198.40","215.13","197.17","133.20K","6.57%"
"May 06, 2020","199.11","205.32","211.00","198.33","72.60K","-3.06%"
"May 05, 2020","205.40","206.60","212.05","201.35","95.25K","-0.64%"
"May 04, 2020","206.73","209.91","210.70","195.06","130.06K","-1.51%"
"May 03, 2020","209.91","214.07","219.50","205.01","100.77K","-1.97%"
"May 02, 2020","214.12","211.67","215.23","210.42","42.87K","1.15%"
"May 01, 2020","211.69","206.39","217.50","206.34","86.67K","2.57%"
"Apr 30, 2020","206.39","215.32","226.80","202.55","226.41K","-4.14%"
"Apr 29, 2020","215.30","196.55","218.38","196.46","196.06K","9.48%"
"Apr 28, 2020","196.66","196.63","197.67","192.08","54.66K","-0.07%"
"Apr 27, 2020","196.80","197.50","198.74","189.99","96.53K","-0.33%"
"Apr 26, 2020","197.45","194.03","199.68","192.54","87.29K","1.64%"
"Apr 25, 2020","194.26","187.71","198.00","186.00","114.63K","3.51%"
"Apr 24, 2020","187.68","185.84","189.99","185.50","61.47K","0.99%"
"Apr 23, 2020","185.84","183.00","194.61","178.68","153.41K","1.55%"
"Apr 22, 2020","183.00","170.63","184.15","170.10","97.05K","7.15%"
"Apr 21, 2020","170.79","170.51","174.73","168.29","67.29K","0.12%"
"Apr 20, 2020","170.58","180.45","186.69","166.93","200.72K","-5.54%"
"Apr 19, 2020","180.59","187.87","188.73","176.82","96.34K","-3.88%"
"Apr 18, 2020","187.87","171.28","189.84","171.21","114.92K","9.69%"
"Apr 17, 2020","171.27","172.54","175.23","168.89","82.15K","-0.74%"
"Apr 16, 2020","172.54","153.00","175.29","148.64","195.43K","12.77%"
"Apr 15, 2020","153.00","158.55","161.39","152.37","60.34K","-3.49%"
"Apr 14, 2020","158.54","156.64","161.94","155.43","69.66K","1.14%"
"Apr 13, 2020","156.75","158.91","159.25","149.58","109.62K","-1.26%"
"Apr 12, 2020","158.75","158.70","165.37","155.43","78.69K","0.03%"
"Apr 11, 2020","158.70","158.10","161.50","154.37","61.84K","0.37%"
"Apr 10, 2020","158.11","170.01","170.20","152.62","544.02K","-7.00%"
"Apr 09, 2020","170.01","173.30","173.67","165.21","67.54K","-1.82%"
"Apr 08, 2020","173.16","164.90","174.60","163.78","90.25K","5.01%"
"Apr 07, 2020","164.90","171.52","176.00","162.42","169.23K","-3.85%"
"Apr 06, 2020","171.50","142.95","172.02","142.94","201.64K","19.95%"
"Apr 05, 2020","142.98","144.54","146.05","140.83","38.89K","-1.07%"
"Apr 04, 2020","144.53","141.59","146.56","139.27","46.46K","2.08%"
"Apr 03, 2020","141.58","141.80","147.00","138.01","58.04K","-0.16%"
"Apr 02, 2020","141.80","136.55","150.31","135.89","154.67K","3.84%"
"Apr 01, 2020","136.55","133.20","137.49","129.25","62.46K","2.58%"
"Mar 31, 2020","133.12","132.32","135.45","130.63","33.04K","0.66%"
"Mar 30, 2020","132.25","124.79","135.42","124.52","85.23K","6.03%"
"Mar 29, 2020","124.73","131.24","132.19","124.08","82.25K","-4.87%"
"Mar 28, 2020","131.11","130.99","133.26","125.14","102.00K","0.11%"
"Mar 27, 2020","130.97","138.93","141.92","129.71","85.36K","-5.60%"
"Mar 26, 2020","138.74","136.16","139.89","133.61","50.65K","1.90%"
"Mar 25, 2020","136.16","138.56","142.73","132.37","81.03K","-1.93%"
"Mar 24, 2020","138.84","136.45","143.70","133.09","110.67K","1.73%"
"Mar 23, 2020","136.48","122.29","138.23","119.60","168.10K","11.42%"
"Mar 22, 2020","122.49","132.84","137.21","121.03","119.17K","-7.79%"
"Mar 21, 2020","132.84","133.58","137.66","126.04","113.66K","-0.45%"
"Mar 20, 2020","133.44","136.67","152.74","116.05","354.80K","-2.24%"
"Mar 19, 2020","136.50","118.72","143.28","115.77","325.10K","15.05%"
"Mar 18, 2020","118.64","116.30","118.96","110.47","104.12K","1.99%"
"Mar 17, 2020","116.32","111.76","122.00","110.00","125.76K","4.08%"
"Mar 16, 2020","111.76","124.25","124.48","101.20","336.05K","-10.05%"
"Mar 15, 2020","124.24","123.38","134.35","121.05","153.04K","0.57%"
"Mar 14, 2020","123.54","135.23","135.54","121.77","138.84K","-8.63%"
"Mar 13, 2020","135.21","109.57","144.16","90.00","900.95K","23.45%"
"Mar 12, 2020","109.53","195.58","196.53","103.04","1.63M","-44.00%"
"Mar 11, 2020","195.60","201.29","203.66","183.00","151.05K","-2.75%"
"Mar 10, 2020","201.13","203.72","207.00","196.89","128.42K","-1.27%"
"Mar 09, 2020","203.72","200.35","209.43","191.31","293.86K","1.68%"
"Mar 08, 2020","200.35","238.11","238.19","197.00","273.87K","-15.89%"
"Mar 07, 2020","238.21","246.24","252.99","237.18","99.31K","-3.20%"
"Mar 06, 2020","246.09","229.36","246.10","228.27","83.03K","7.28%"
"Mar 05, 2020","229.40","225.27","235.18","225.27","70.89K","1.91%"
"Mar 04, 2020","225.10","224.66","229.42","221.36","68.43K","0.34%"
"Mar 03, 2020","224.33","232.81","233.64","220.87","69.68K","-3.52%"
"Mar 02, 2020","232.52","218.53","235.18","216.73","88.65K","6.39%"
"Mar 01, 2020","218.56","218.27","228.71","213.15","113.80K","0.05%"
"Feb 29, 2020","218.45","228.43","233.50","218.22","69.96K","-4.37%"
"Feb 28, 2020","228.43","227.61","234.92","214.24","126.97K","0.40%"
"Feb 27, 2020","227.52","224.14","238.00","210.79","192.39K","1.53%"
"Feb 26, 2020","224.10","247.00","250.66","216.41","348.56K","-9.32%"
"Feb 25, 2020","247.13","265.74","266.33","245.29","147.03K","-7.08%"
"Feb 24, 2020","265.97","275.73","278.19","256.85","155.45K","-3.54%"
"Feb 23, 2020","275.72","261.68","276.20","261.49","86.18K","5.18%"
"Feb 22, 2020","262.14","265.50","266.68","256.60","44.42K","-1.24%"
"Feb 21, 2020","265.43","257.67","268.29","254.68","92.52K","2.94%"
"Feb 20, 2020","257.84","258.20","263.84","245.54","158.34K","-0.43%"
"Feb 19, 2020","258.95","283.01","287.00","251.41","156.05K","-8.50%"
"Feb 18, 2020","283.00","268.16","286.24","259.76","171.89K","5.59%"
"Feb 17, 2020","268.02","258.88","268.29","243.13","200.75K","3.17%"
"Feb 16, 2020","259.78","264.84","273.63","238.44","230.80K","-1.94%"
"Feb 15, 2020","264.93","284.98","287.32","264.00","197.55K","-7.03%"
"Feb 14, 2020","284.97","268.30","286.44","260.24","130.12K","6.13%"
"Feb 13, 2020","268.51","265.55","276.02","255.96","166.14K","1.27%"
"Feb 12, 2020","265.14","237.06","273.70","237.06","247.43K","11.76%"
"Feb 11, 2020","237.24","223.14","239.00","218.25","66.80K","6.32%"
"Feb 10, 2020","223.14","228.23","229.21","216.68","89.64K","-2.23%"
"Feb 09, 2020","228.23","222.64","230.00","222.55","70.86K","2.49%"
"Feb 08, 2020","222.69","223.11","227.58","213.09","92.55K","-0.19%"
"Feb 07, 2020","223.11","212.60","223.90","212.60","131.05K","4.95%"
"Feb 06, 2020","212.59","203.79","216.00","201.02","97.27K","4.32%"
"Feb 05, 2020","203.79","189.06","207.86","188.29","112.61K","7.79%"
"Feb 04, 2020","189.06","190.19","191.76","184.89","32.83K","-0.71%"
"Feb 03, 2020","190.41","188.85","195.67","187.01","52.55K","0.91%"
"Feb 02, 2020","188.69","184.00","193.95","179.66","73.81K","2.51%"
"Feb 01, 2020","184.07","180.27","184.46","179.67","62.12K","2.22%"
"Jan 31, 2020","180.08","184.52","185.50","175.23","40.93K","-2.46%"
"Jan 30, 2020","184.62","173.68","186.74","171.09","86.59K","6.22%"
"Jan 29, 2020","173.81","176.08","178.78","173.38","31.18K","-1.29%"
"Jan 28, 2020","176.09","170.14","176.64","170.14","49.55K","3.50%"
"Jan 27, 2020","170.14","168.20","172.06","165.45","64.45K","1.18%"
"Jan 26, 2020","168.16","160.32","168.27","159.56","62.74K","4.79%"
"Jan 25, 2020","160.47","162.69","162.73","157.82","14.48K","-1.38%"
"Jan 24, 2020","162.71","162.73","164.42","155.76","30.79K","-0.13%"
"Jan 23, 2020","162.92","167.70","167.70","159.21","37.90K","-2.85%"
"Jan 22, 2020","167.70","169.33","171.18","165.67","18.11K","-0.97%"
"Jan 21, 2020","169.33","166.87","169.99","164.96","27.03K","1.48%"
"Jan 20, 2020","166.86","166.73","169.00","161.09","33.65K","0.01%"
"Jan 19, 2020","166.84","173.58","177.55","161.21","84.55K","-3.88%"
"Jan 18, 2020","173.58","169.18","178.97","165.00","90.53K","2.52%"
"Jan 17, 2020","169.32","164.01","174.00","161.98","104.12K","3.23%"
"Jan 16, 2020","164.03","166.15","167.11","158.46","66.63K","-1.22%"
"Jan 15, 2020","166.05","164.73","171.00","159.00","132.50K","0.65%"
"Jan 14, 2020","164.98","143.52","169.78","143.49","213.40K","14.93%"
"Jan 13, 2020","143.55","146.40","146.94","142.24","25.54K","-1.91%"
"Jan 12, 2020","146.35","142.41","146.35","141.71","22.58K","2.72%"
"Jan 11, 2020","142.48","144.59","147.74","142.04","36.47K","-1.45%"
"Jan 10, 2020","144.57","137.57","144.95","135.36","41.79K","4.91%"
"Jan 09, 2020","137.81","140.59","141.32","135.43","29.44K","-1.91%"
"Jan 08, 2020","140.50","142.95","147.73","137.30","65.44K","-1.81%"
"Jan 07, 2020","143.09","144.23","144.97","139.06","49.51K","-0.76%"
"Jan 06, 2020","144.18","135.54","144.27","135.09","66.63K","6.33%"
"Jan 05, 2020","135.60","134.49","138.44","134.42","46.00K","0.83%"
"Jan 04, 2020","134.49","134.89","136.26","133.12","23.57K","-0.19%"
"Jan 03, 2020","134.74","127.56","135.57","126.39","76.51K","5.63%"
"Jan 02, 2020","127.56","130.94","130.94","126.84","46.99K","-2.58%"
"Jan 01, 2020","130.94","129.45","133.24","128.90","37.25K","1.15%"
"Dec 31, 2019","129.45","131.83","133.94","128.31","36.60K","-1.81%"
"Dec 30, 2019","131.83","134.86","136.58","130.56","34.88K","-2.27%"
"Dec 29, 2019","134.90","128.49","138.52","128.03","49.06K","5.00%"
"Dec 28, 2019","128.48","126.92","130.23","126.69","19.07K","1.23%"
"Dec 27, 2019","126.92","126.15","127.46","123.03","44.86K","0.61%"
"Dec 26, 2019","126.15","125.39","132.85","124.61","36.87K","0.67%"
"Dec 25, 2019","125.32","127.96","128.11","123.80","32.24K","-2.13%"
"Dec 24, 2019","128.04","128.19","129.90","127.24","12.07K","-0.07%"
"Dec 23, 2019","128.13","132.96","135.54","126.52","58.50K","-3.49%"
"Dec 22, 2019","132.77","127.50","133.61","127.40","24.46K","4.13%"
"Dec 21, 2019","127.50","128.90","129.01","127.12","7.04K","-1.08%"
"Dec 20, 2019","128.90","128.68","129.97","126.43","17.16K","0.17%"
"Dec 19, 2019","128.68","133.50","134.74","126.51","34.43K","-3.61%"
"Dec 18, 2019","133.50","122.81","134.99","116.98","113.44K","8.70%"
"Dec 17, 2019","122.81","133.34","133.47","120.54","102.12K","-7.90%"
"Dec 16, 2019","133.34","143.11","143.39","130.31","64.16K","-6.82%"
"Dec 15, 2019","143.11","142.56","144.60","140.57","16.72K","0.38%"
"Dec 14, 2019","142.56","145.38","145.74","141.56","19.72K","-1.94%"
"Dec 13, 2019","145.38","145.51","145.81","143.78","16.72K","-0.09%"
"Dec 12, 2019","145.51","143.91","146.53","140.01","47.19K","1.11%"
"Dec 11, 2019","143.91","146.36","146.94","142.65","18.88K","-1.67%"
"Dec 10, 2019","146.36","148.08","148.80","144.61","27.58K","-1.16%"
"Dec 09, 2019","148.08","151.41","152.04","147.25","29.73K","-2.20%"
"Dec 08, 2019","151.41","148.15","152.62","147.00","27.66K","2.20%"
"Dec 07, 2019","148.15","149.69","150.55","147.69","10.91K","-1.03%"
"Dec 06, 2019","149.69","148.73","150.64","146.60","17.63K","0.65%"
"Dec 05, 2019","148.73","146.30","149.79","144.65","23.83K","1.71%"
"Dec 04, 2019","146.23","148.17","154.11","144.18","73.27K","-1.31%"
"Dec 03, 2019","148.17","149.63","150.96","146.52","23.51K","-1.02%"
"Dec 02, 2019","149.69","151.84","152.33","147.66","24.72K","-1.42%"
"Dec 01, 2019","151.84","152.43","153.35","146.78","33.58K","-0.46%"
"Nov 30, 2019","152.54","155.60","156.63","150.59","26.39K","-1.92%"
"Nov 29, 2019","155.53","151.52","158.66","151.09","36.98K","2.65%"
"Nov 28, 2019","151.52","153.27","155.36","150.11","31.37K","-1.19%"
"Nov 27, 2019","153.34","148.31","156.23","142.00","67.03K","3.39%"
"Nov 26, 2019","148.31","146.58","150.86","144.57","32.60K","1.04%"
"Nov 25, 2019","146.78","141.17","152.69","133.58","144.43K","3.97%"
"Nov 24, 2019","141.18","152.77","153.66","140.00","64.46K","-7.59%"
"Nov 23, 2019","152.77","150.56","155.00","147.26","59.10K","1.47%"
"Nov 22, 2019","150.56","162.05","163.40","138.79","131.28K","-7.12%"
"Nov 21, 2019","162.11","175.27","176.38","157.79","77.17K","-7.51%"
"Nov 20, 2019","175.27","176.46","178.18","173.96","20.41K","-0.67%"
"Nov 19, 2019","176.46","178.61","178.96","173.39","24.58K","-1.17%"
"Nov 18, 2019","178.55","184.48","184.97","175.50","40.77K","-3.24%"
"Nov 17, 2019","184.53","183.05","186.89","181.00","19.99K","0.85%"
"Nov 16, 2019","182.97","180.23","183.98","179.50","16.34K","1.50%"
"Nov 15, 2019","180.27","185.00","187.41","177.47","70.35K","-2.56%"
"Nov 14, 2019","185.00","188.84","189.22","183.43","19.91K","-1.96%"
"Nov 13, 2019","188.69","187.34","189.99","185.50","23.72K","0.72%"
"Nov 12, 2019","187.34","184.93","187.56","182.64","26.38K","1.18%"
"Nov 11, 2019","185.15","189.68","190.89","184.20","29.56K","-2.39%"
"Nov 10, 2019","189.68","184.99","192.17","183.50","58.27K","2.54%"
"Nov 09, 2019","184.99","183.59","185.62","182.80","17.19K","0.54%"
"Nov 08, 2019","184.00","186.65","188.30","181.01","45.81K","-1.43%"
"Nov 07, 2019","186.66","191.58","192.67","184.55","28.32K","-2.53%"
"Nov 06, 2019","191.51","189.44","195.20","188.36","37.91K","1.20%"
"Nov 05, 2019","189.24","186.87","192.51","182.76","48.14K","1.27%"
"Nov 04, 2019","186.87","182.19","190.03","180.92","47.67K","2.57%"
"Nov 03, 2019","182.19","183.89","185.45","179.31","21.00K","-0.94%"
"Nov 02, 2019","183.92","183.98","186.68","182.65","24.61K","-0.03%"
"Nov 01, 2019","183.98","183.01","185.40","177.73","25.34K","0.51%"
"Oct 31, 2019","183.04","183.68","185.70","178.34","30.14K","-0.42%"
"Oct 30, 2019","183.82","191.29","192.50","180.47","59.21K","-3.91%"
"Oct 29, 2019","191.29","182.08","193.55","181.78","56.33K","4.96%"
"Oct 28, 2019","182.25","184.72","190.55","181.28","38.27K","-1.26%"
"Oct 27, 2019","184.58","180.42","189.32","177.20","58.29K","2.31%"
"Oct 26, 2019","180.42","182.05","198.62","174.32","177.04K","-0.84%"
"Oct 25, 2019","181.95","160.95","188.00","160.95","115.68K","12.89%"
"Oct 24, 2019","161.18","162.95","164.36","158.90","99.86K","-1.10%"
"Oct 23, 2019","162.97","171.83","172.20","153.40","119.10K","-5.15%"
"Oct 22, 2019","171.82","175.02","176.31","171.14","38.76K","-1.83%"
"Oct 21, 2019","175.02","176.10","178.80","172.50","38.75K","-0.62%"
"Oct 20, 2019","176.11","172.59","177.51","170.03","29.88K","2.04%"
"Oct 19, 2019","172.59","173.67","175.75","170.55","33.00K","-0.60%"
"Oct 18, 2019","173.64","177.83","177.94","169.17","53.71K","-2.17%"
"Oct 17, 2019","177.49","175.01","179.56","173.25","29.64K","1.42%"
"Oct 16, 2019","175.00","181.12","181.75","172.62","57.62K","-3.33%"
"Oct 15, 2019","181.02","187.21","188.98","177.66","62.86K","-3.27%"
"Oct 14, 2019","187.14","181.57","187.88","181.00","41.42K","3.04%"
"Oct 13, 2019","181.61","180.16","184.97","179.10","25.39K","0.80%"
"Oct 12, 2019","180.16","181.09","185.10","178.01","36.20K","-0.49%"
"Oct 11, 2019","181.04","192.06","198.00","179.71","109.38K","-5.74%"
"Oct 10, 2019","192.06","193.59","194.95","188.05","37.16K","-0.75%"
"Oct 09, 2019","193.51","181.50","196.35","179.95","114.22K","6.49%"
"Oct 08, 2019","181.72","180.66","185.72","178.16","46.36K","0.59%"
"Oct 07, 2019","180.66","170.56","183.45","169.07","86.58K","5.95%"
"Oct 06, 2019","170.51","176.94","177.50","168.31","63.87K","-3.63%"
"Oct 05, 2019","176.93","176.29","177.49","172.61","39.65K","0.42%"
"Oct 04, 2019","176.19","175.36","179.82","171.49","38.25K","0.47%"
"Oct 03, 2019","175.37","181.24","181.66","170.18","56.87K","-3.24%"
"Oct 02, 2019","181.24","176.41","182.10","174.32","40.10K","2.74%"
"Oct 01, 2019","176.41","182.27","186.43","174.15","94.81K","-2.90%"
"Sep 30, 2019","181.68","169.91","182.50","165.66","108.77K","6.97%"
"Sep 29, 2019","169.84","174.41","175.10","164.85","72.46K","-2.62%"
"Sep 28, 2019","174.41","174.61","176.20","169.20","55.90K","-0.11%"
"Sep 27, 2019","174.61","166.77","177.73","162.02","75.67K","4.81%"
"Sep 26, 2019","166.60","170.67","171.33","153.75","114.52K","-2.38%"
"Sep 25, 2019","170.67","166.54","175.42","162.82","115.22K","2.25%"
"Sep 24, 2019","166.91","200.79","202.73","155.00","347.56K","-16.87%"
"Sep 23, 2019","200.79","211.26","212.21","199.03","73.98K","-5.09%"
"Sep 22, 2019","211.55","215.56","216.00","206.50","66.86K","-1.86%"
"Sep 21, 2019","215.56","218.68","221.90","213.97","41.73K","-1.45%"
"Sep 20, 2019","218.73","221.35","222.69","212.50","56.83K","-1.24%"
"Sep 19, 2019","221.47","210.90","224.73","202.46","145.40K","5.01%"
"Sep 18, 2019","210.90","208.41","217.99","208.41","100.21K","1.09%"
"Sep 17, 2019","208.62","198.29","215.82","196.60","109.35K","5.21%"
"Sep 16, 2019","198.29","189.63","200.71","189.13","109.16K","4.56%"
"Sep 15, 2019","189.64","189.05","191.37","186.45","35.68K","0.32%"
"Sep 14, 2019","189.03","181.89","189.76","180.44","65.17K","4.06%"
"Sep 13, 2019","181.65","181.35","182.20","178.00","32.91K","0.13%"
"Sep 12, 2019","181.41","178.55","183.09","177.01","31.57K","1.60%"
"Sep 11, 2019","178.55","180.25","182.73","174.71","49.97K","-0.94%"
"Sep 10, 2019","180.24","180.80","184.50","176.93","40.10K","-0.28%"
"Sep 09, 2019","180.75","181.96","186.52","176.54","66.89K","-0.66%"
"Sep 08, 2019","181.96","178.33","184.90","177.22","65.32K","1.99%"
"Sep 07, 2019","178.41","169.35","181.34","168.60","62.21K","5.35%"
"Sep 06, 2019","169.35","174.04","178.45","165.40","62.43K","-2.69%"
"Sep 05, 2019","174.03","175.10","175.92","169.68","59.84K","-0.61%"
"Sep 04, 2019","175.10","179.44","180.74","173.97","47.08K","-2.39%"
"Sep 03, 2019","179.39","178.70","183.00","175.22","79.43K","0.39%"
"Sep 02, 2019","178.70","171.63","181.65","170.55","56.79K","4.35%"
"Sep 01, 2019","171.25","172.06","173.99","168.33","42.37K","-0.51%"
"Aug 31, 2019","172.13","168.74","175.29","166.13","42.06K","2.08%"
"Aug 30, 2019","168.63","169.42","170.80","166.17","30.66K","-0.31%"
"Aug 29, 2019","169.15","173.08","173.69","164.19","60.98K","-2.34%"
"Aug 28, 2019","173.21","187.30","188.47","166.54","111.69K","-7.52%"
"Aug 27, 2019","187.29","188.73","189.24","184.94","25.07K","-0.76%"
"Aug 26, 2019","188.73","186.37","194.14","186.22","48.89K","1.30%"
"Aug 25, 2019","186.31","191.08","192.89","183.06","47.90K","-2.48%"
"Aug 24, 2019","191.04","194.77","194.78","186.37","38.60K","-1.92%"
"Aug 23, 2019","194.78","190.70","196.61","188.61","38.02K","2.14%"
"Aug 22, 2019","190.69","187.66","195.35","183.25","53.84K","1.62%"
"Aug 21, 2019","187.66","196.98","197.50","180.00","89.84K","-4.58%"
"Aug 20, 2019","196.67","202.68","203.26","195.05","46.53K","-2.96%"
"Aug 19, 2019","202.66","194.90","203.90","193.09","63.06K","3.98%"
"Aug 18, 2019","194.90","185.95","198.31","183.53","50.22K","4.89%"
"Aug 17, 2019","185.82","185.71","187.32","182.33","30.18K","0.11%"
"Aug 16, 2019","185.61","188.35","188.57","178.78","56.22K","-1.58%"
"Aug 15, 2019","188.59","187.28","189.94","174.31","102.83K","0.70%"
"Aug 14, 2019","187.28","209.25","210.08","183.13","112.92K","-10.50%"
"Aug 13, 2019","209.25","211.61","211.92","205.25","44.88K","-1.11%"
"Aug 12, 2019","211.61","217.02","217.11","210.17","46.39K","-2.58%"
"Aug 11, 2019","217.21","206.48","217.21","206.24","56.74K","5.15%"
"Aug 10, 2019","206.57","210.80","214.90","201.68","51.01K","-2.01%"
"Aug 09, 2019","210.80","222.04","222.42","207.38","85.06K","-5.06%"
"Aug 08, 2019","222.04","226.35","227.28","216.58","67.15K","-1.90%"
"Aug 07, 2019","226.35","226.02","230.86","221.65","59.06K","0.15%"
"Aug 06, 2019","226.02","233.62","239.52","223.33","119.31K","-3.25%"
"Aug 05, 2019","233.62","222.51","236.26","222.42","153.89K","4.99%"
"Aug 04, 2019","222.51","222.00","223.65","217.86","33.81K","0.23%"
"Aug 03, 2019","222.00","217.62","224.53","216.67","45.82K","2.01%"
"Aug 02, 2019","217.62","217.56","222.61","215.06","52.23K","0.03%"
"Aug 01, 2019","217.56","218.76","219.49","212.00","44.97K","-0.52%"
"Jul 31, 2019","218.70","209.74","219.21","209.71","58.74K","4.27%"
"Jul 30, 2019","209.74","210.81","214.44","205.71","47.18K","-0.51%"
"Jul 29, 2019","210.81","210.81","215.00","206.22","42.63K","0.00%"
"Jul 28, 2019","210.81","207.07","213.17","197.84","67.03K","1.82%"
"Jul 27, 2019","207.05","219.06","223.61","202.71","111.69K","-5.48%"
"Jul 26, 2019","219.06","219.44","220.41","213.01","52.54K","-0.17%"
"Jul 25, 2019","219.44","216.76","224.96","215.84","75.29K","1.24%"
"Jul 24, 2019","216.76","212.30","218.35","201.28","129.48K","2.06%"
"Jul 23, 2019","212.38","217.28","219.35","208.58","87.76K","-2.30%"
"Jul 22, 2019","217.38","225.41","227.80","211.84","90.24K","-3.40%"
"Jul 21, 2019","225.04","228.21","229.49","217.68","83.55K","-1.49%"
"Jul 20, 2019","228.44","221.15","235.23","220.59","87.78K","3.29%"
"Jul 19, 2019","221.16","225.82","226.18","214.43","80.00K","-1.98%"
"Jul 18, 2019","225.63","211.08","229.00","205.64","168.90K","6.89%"
"Jul 17, 2019","211.08","198.69","219.40","192.03","208.20K","6.30%"
"Jul 16, 2019","198.57","227.39","233.65","192.57","315.83K","-12.80%"
"Jul 15, 2019","227.71","226.19","234.76","203.70","290.97K","0.59%"
"Jul 14, 2019","226.38","268.12","268.59","223.60","216.78K","-15.55%"
"Jul 13, 2019","268.07","274.73","274.97","260.92","58.08K","-2.42%"
"Jul 12, 2019","274.73","268.38","277.89","266.51","42.05K","2.37%"
"Jul 11, 2019","268.38","288.72","288.72","261.76","147.80K","-7.04%"
"Jul 10, 2019","288.71","307.76","314.59","281.35","145.87K","-6.22%"
"Jul 09, 2019","307.86","313.39","318.00","302.70","95.20K","-1.76%"
"Jul 08, 2019","313.39","306.59","315.21","302.54","114.32K","2.23%"
"Jul 07, 2019","306.54","288.60","311.00","284.87","109.04K","6.21%"
"Jul 06, 2019","288.61","287.77","298.43","286.28","69.75K","0.23%"
"Jul 05, 2019","287.95","282.95","295.28","281.30","53.84K","1.68%"
"Jul 04, 2019","283.20","302.21","303.43","280.51","80.62K","-6.29%"
"Jul 03, 2019","302.22","292.71","303.37","289.78","120.18K","3.37%"
"Jul 02, 2019","292.37","295.45","298.18","273.22","148.13K","-1.06%"
"Jul 01, 2019","295.50","290.83","302.18","281.19","136.70K","2.02%"
"Jun 30, 2019","289.65","319.49","324.35","287.42","156.16K","-8.83%"
"Jun 29, 2019","317.71","308.87","324.45","292.41","130.20K","2.79%"
"Jun 28, 2019","309.08","294.86","311.97","291.41","193.67K","5.06%"
"Jun 27, 2019","294.19","332.00","340.47","276.51","430.36K","-11.39%"
"Jun 26, 2019","332.00","316.36","362.90","313.13","576.92K","4.90%"
"Jun 25, 2019","316.49","312.32","317.23","305.79","125.69K","1.54%"
"Jun 24, 2019","311.70","308.56","314.56","294.00","290.63K","0.98%"
"Jun 23, 2019","308.68","311.26","321.97","306.53","208.83K","-0.82%"
"Jun 22, 2019","311.24","296.01","315.67","293.79","292.68K","5.18%"
"Jun 21, 2019","295.90","272.82","297.59","272.82","238.20K","8.46%"
"Jun 20, 2019","272.82","269.49","274.82","267.18","64.66K","1.22%"
"Jun 19, 2019","269.52","264.93","270.72","264.16","53.47K","1.71%"
"Jun 18, 2019","264.98","274.45","274.65","261.32","107.15K","-3.45%"
"Jun 17, 2019","274.45","268.63","276.04","267.61","68.67K","2.08%"
"Jun 16, 2019","268.86","269.12","279.31","264.28","181.77K","-0.10%"
"Jun 15, 2019","269.12","263.72","273.10","261.76","107.73K","2.06%"
"Jun 14, 2019","263.69","254.54","265.69","250.99","230.77K","3.62%"
"Jun 13, 2019","254.47","262.90","264.65","253.46","117.81K","-3.35%"
"Jun 12, 2019","263.30","245.10","263.32","243.05","180.06K","7.43%"
"Jun 11, 2019","245.10","248.11","248.88","237.75","78.37K","-1.07%"
"Jun 10, 2019","247.75","231.26","248.37","227.52","111.09K","7.03%"
"Jun 09, 2019","231.48","244.41","244.92","226.62","96.55K","-5.27%"
"Jun 08, 2019","244.36","249.69","251.07","241.85","35.73K","-2.13%"
"Jun 07, 2019","249.69","249.93","253.91","245.17","86.99K","-0.16%"
"Jun 06, 2019","250.10","245.88","251.66","236.00","64.27K","1.56%"
"Jun 05, 2019","246.25","241.44","249.56","238.12","70.11K","1.99%"
"Jun 04, 2019","241.44","248.93","251.45","235.38","207.86K","-3.14%"
"Jun 03, 2019","249.26","269.40","269.78","247.00","163.98K","-7.48%"
"Jun 02, 2019","269.40","264.37","273.70","263.50","73.36K","1.90%"
"Jun 01, 2019","264.37","267.13","273.59","260.85","107.24K","-1.09%"
"May 31, 2019","267.28","253.58","268.46","245.57","206.74K","5.10%"
"May 30, 2019","254.31","270.23","289.14","240.98","446.13K","-5.87%"
"May 29, 2019","270.17","272.07","275.00","262.69","118.86K","-0.72%"
"May 28, 2019","272.12","272.98","276.87","265.00","119.65K","-0.17%"
"May 27, 2019","272.57","268.39","280.46","264.47","196.09K","1.52%"
"May 26, 2019","268.50","250.96","273.50","245.90","200.46K","7.04%"
"May 25, 2019","250.83","249.57","258.00","248.01","99.41K","0.60%"
"May 24, 2019","249.34","245.54","255.33","242.88","98.28K","1.59%"
"May 23, 2019","245.43","243.50","247.87","230.46","145.11K","0.86%"
"May 22, 2019","243.34","254.34","261.01","240.39","155.98K","-4.32%"
"May 21, 2019","254.34","252.15","263.40","247.69","124.29K","0.87%"
"May 20, 2019","252.15","259.90","260.08","239.44","192.30K","-2.98%"
"May 19, 2019","259.90","233.63","264.06","231.83","205.97K","11.03%"
"May 18, 2019","234.09","246.28","249.61","231.15","121.75K","-4.85%"
"May 17, 2019","246.03","263.64","267.49","227.68","420.02K","-6.93%"
"May 16, 2019","264.36","246.61","278.35","242.87","609.53K","7.25%"
"May 15, 2019","246.48","216.59","248.48","216.39","275.09K","13.71%"
"May 14, 2019","216.77","194.85","219.67","194.01","314.94K","11.19%"
"May 13, 2019","194.95","188.25","203.02","186.01","245.11K","3.55%"
"May 12, 2019","188.26","191.27","200.82","184.09","271.65K","-1.91%"
"May 11, 2019","191.93","174.26","203.17","174.26","341.40K","10.21%"
"May 10, 2019","174.15","173.42","178.00","171.13","100.67K","0.46%"
"May 09, 2019","173.35","177.08","179.56","170.59","82.29K","-2.16%"
"May 08, 2019","177.17","176.47","179.28","171.00","115.03K","0.14%"
"May 07, 2019","176.92","181.59","191.04","176.17","157.16K","-2.60%"
"May 06, 2019","181.64","171.00","186.28","167.70","154.10K","6.22%"
"May 05, 2019","171.00","171.00","172.98","166.29","56.50K","0.06%"
"May 04, 2019","170.90","175.40","178.35","167.25","67.47K","-2.51%"
"May 03, 2019","175.30","168.93","180.94","167.87","162.63K","3.57%"
"May 02, 2019","169.25","167.67","170.59","167.08","46.66K","0.87%"
"May 01, 2019","167.79","170.50","172.80","166.18","86.35K","-1.64%"
"Apr 30, 2019","170.59","162.35","171.49","162.28","164.64K","5.14%"
"Apr 29, 2019","162.25","163.13","164.45","157.52","150.87K","-0.73%"
"Apr 28, 2019","163.45","162.79","166.40","161.74","121.43K","0.41%"
"Apr 27, 2019","162.79","160.99","165.35","159.30","107.04K","1.14%"
"Apr 26, 2019","160.96","154.54","162.50","151.48","220.28K","4.15%"
"Apr 25, 2019","154.54","166.52","167.34","149.12","238.90K","-7.33%"
"Apr 24, 2019","166.77","170.70","171.60","161.71","188.22K","-2.43%"
"Apr 23, 2019","170.93","172.27","178.33","169.46","194.39K","-0.78%"
"Apr 22, 2019","172.27","170.61","173.79","168.85","172.56K","1.08%"
"Apr 21, 2019","170.43","174.28","174.89","167.35","198.04K","-2.20%"
"Apr 20, 2019","174.27","174.60","178.00","171.62","106.90K","-0.19%"
"Apr 19, 2019","174.60","175.10","175.43","170.33","145.41K","-0.30%"
"Apr 18, 2019","175.13","167.50","177.20","167.26","291.87K","4.56%"
"Apr 17, 2019","167.50","167.44","169.07","165.65","130.42K","0.04%"
"Apr 16, 2019","167.44","160.33","168.42","159.50","181.69K","4.41%"
"Apr 15, 2019","160.37","169.39","170.39","156.61","224.87K","-5.15%"
"Apr 14, 2019","169.08","165.20","169.99","162.90","164.30K","2.35%"
"Apr 13, 2019","165.20","165.07","167.06","163.18","120.02K","-0.08%"
"Apr 12, 2019","165.34","165.59","168.38","160.24","136.68K","-0.16%"
"Apr 11, 2019","165.60","177.20","177.39","161.00","336.68K","-6.57%"
"Apr 10, 2019","177.25","176.80","186.30","169.54","417.74K","0.25%"
"Apr 09, 2019","176.80","181.43","181.66","175.59","243.26K","-2.72%"
"Apr 08, 2019","181.75","176.75","187.70","175.00","461.18K","2.94%"
"Apr 07, 2019","176.56","167.08","178.62","165.86","237.56K","5.68%"
"Apr 06, 2019","167.07","167.33","174.32","161.80","255.98K","0.00%"
"Apr 05, 2019","167.07","158.76","169.99","157.77","191.29K","5.30%"
"Apr 04, 2019","158.66","161.00","165.35","155.06","305.83K","-1.54%"
"Apr 03, 2019","161.14","165.52","179.86","152.31","820.60K","-2.71%"
"Apr 02, 2019","165.63","143.14","168.32","142.94","575.12K","15.42%"
"Apr 01, 2019","143.50","143.78","145.37","141.55","103.57K","-0.19%"
"Mar 31, 2019","143.78","144.62","144.68","142.69","59.91K","-0.60%"
"Mar 30, 2019","144.65","146.20","148.52","142.72","136.09K","-1.06%"
"Mar 29, 2019","146.20","140.27","146.32","140.00","154.47K","4.23%"
"Mar 28, 2019","140.26","141.65","141.65","139.47","59.67K","-0.97%"
"Mar 27, 2019","141.63","135.40","142.18","135.33","177.22K","4.60%"
"Mar 26, 2019","135.40","135.14","136.20","134.03","112.62K","0.19%"
"Mar 25, 2019","135.14","137.81","138.70","133.31","114.06K","-1.94%"
"Mar 24, 2019","137.81","139.28","139.33","136.73","59.31K","-1.06%"
"Mar 23, 2019","139.28","137.86","140.40","137.83","81.48K","0.88%"
"Mar 22, 2019","138.07","136.99","139.40","136.45","90.28K","0.77%"
"Mar 21, 2019","137.01","142.17","142.62","135.41","172.12K","-3.57%"
"Mar 20, 2019","142.08","141.69","142.86","138.99","120.36K","0.32%"
"Mar 19, 2019","141.63","140.59","142.28","139.89","82.39K","0.70%"
"Mar 18, 2019","140.65","141.71","144.88","139.16","148.54K","-0.75%"
"Mar 17, 2019","141.71","143.79","143.79","140.39","119.26K","-1.45%"
"Mar 16, 2019","143.80","139.30","147.29","139.30","195.60K","3.34%"
"Mar 15, 2019","139.15","134.71","141.00","134.69","262.27K","3.29%"
"Mar 14, 2019","134.72","134.44","138.14","132.33","144.50K","0.14%"
"Mar 13, 2019","134.53","136.26","136.28","133.48","105.01K","-1.28%"
"Mar 12, 2019","136.27","135.41","137.76","131.38","189.90K","0.63%"
"Mar 11, 2019","135.41","138.20","138.76","134.10","168.75K","-2.02%"
"Mar 10, 2019","138.20","140.04","140.25","136.90","102.14K","-1.33%"
"Mar 09, 2019","140.06","136.18","141.65","135.54","172.80K","2.84%"
"Mar 08, 2019","136.19","140.03","143.01","133.24","254.40K","-2.75%"
"Mar 07, 2019","140.04","140.58","142.94","138.56","144.04K","-0.38%"
"Mar 06, 2019","140.57","140.00","143.77","137.00","236.68K","0.41%"
"Mar 05, 2019","140.00","128.39","140.66","127.74","302.89K","9.04%"
"Mar 04, 2019","128.39","133.27","133.87","125.97","217.50K","-3.68%"
"Mar 03, 2019","133.29","135.60","137.84","130.81","110.32K","-1.70%"
"Mar 02, 2019","135.60","138.40","139.31","133.00","179.05K","-2.02%"
"Mar 01, 2019","138.39","138.17","141.43","137.84","112.40K","0.16%"
"Feb 28, 2019","138.17","137.71","142.54","136.48","327.68K","0.33%"
"Feb 27, 2019","137.71","139.42","143.64","129.60","372.48K","-1.32%"
"Feb 26, 2019","139.55","141.22","141.62","137.01","139.96K","-1.14%"
"Feb 25, 2019","141.16","135.31","144.77","135.21","322.37K","4.47%"
"Feb 24, 2019","135.12","161.54","169.90","135.06","879.79K","-16.25%"
"Feb 23, 2019","161.34","151.27","163.42","148.97","442.93K","6.66%"
"Feb 22, 2019","151.27","148.44","152.16","146.16","349.02K","2.04%"
"Feb 21, 2019","148.25","151.67","153.59","145.58","324.59K","-2.25%"
"Feb 20, 2019","151.67","146.61","152.82","143.89","315.06K","3.45%"
"Feb 19, 2019","146.61","148.87","152.95","145.99","343.89K","-1.59%"
"Feb 18, 2019","148.98","136.27","151.86","135.71","677.47K","9.39%"
"Feb 17, 2019","136.19","124.68","138.24","124.49","520.13K","9.23%"
"Feb 16, 2019","124.68","123.78","126.85","123.78","122.63K","0.75%"
"Feb 15, 2019","123.75","122.57","126.48","122.20","179.54K","0.95%"
"Feb 14, 2019","122.58","123.76","126.25","122.51","180.68K","-1.03%"
"Feb 13, 2019","123.85","124.75","129.30","122.55","244.18K","-0.72%"
"Feb 12, 2019","124.75","122.69","126.40","120.30","226.67K","1.68%"
"Feb 11, 2019","122.68","127.20","127.20","121.39","207.17K","-3.63%"
"Feb 10, 2019","127.31","121.14","128.13","118.00","249.13K","5.21%"
"Feb 09, 2019","121.01","121.21","123.47","119.59","150.89K","-0.27%"
"Feb 08, 2019","121.34","105.71","124.80","105.01","519.95K","14.79%"
"Feb 07, 2019","105.71","106.06","107.60","105.07","115.02K","-0.37%"
"Feb 06, 2019","106.10","108.69","109.00","102.61","280.56K","-2.37%"
"Feb 05, 2019","108.68","108.46","109.13","107.65","66.83K","0.20%"
"Feb 04, 2019","108.46","108.52","110.00","107.77","105.14K","-0.06%"
"Feb 03, 2019","108.52","112.70","113.49","107.18","191.29K","-3.71%"
"Feb 02, 2019","112.70","109.02","113.37","107.93","163.32K","3.38%"
"Feb 01, 2019","109.02","108.61","110.51","105.60","192.47K","0.53%"
"Jan 31, 2019","108.45","110.65","112.97","107.47","179.43K","-1.96%"
"Jan 30, 2019","110.62","106.30","111.96","105.32","324.02K","4.06%"
"Jan 29, 2019","106.30","107.54","108.36","104.26","164.51K","-1.15%"
"Jan 28, 2019","107.54","113.41","114.33","103.22","370.27K","-5.17%"
"Jan 27, 2019","113.40","117.33","118.40","112.71","238.12K","-3.33%"
"Jan 26, 2019","117.31","117.27","120.33","117.03","136.02K","0.03%"
"Jan 25, 2019","117.27","119.05","119.50","116.32","139.87K","-1.50%"
"Jan 24, 2019","119.05","118.76","120.12","115.88","181.03K","0.25%"
"Jan 23, 2019","118.76","120.19","121.10","117.03","153.11K","-1.19%"
"Jan 22, 2019","120.19","117.42","121.95","112.66","298.44K","2.29%"
"Jan 21, 2019","117.50","119.04","120.09","114.98","207.94K","-1.29%"
"Jan 20, 2019","119.04","125.98","126.61","117.63","370.73K","-5.52%"
"Jan 19, 2019","126.00","121.88","131.69","121.88","284.97K","3.43%"
"Jan 18, 2019","121.82","125.10","125.58","120.27","146.72K","-2.74%"
"Jan 17, 2019","125.25","124.46","126.94","119.52","258.91K","0.73%"
"Jan 16, 2019","124.35","122.70","131.29","121.83","300.50K","1.34%"
"Jan 15, 2019","122.70","131.45","133.67","119.80","359.96K","-6.66%"
"Jan 14, 2019","131.45","117.94","134.41","117.80","380.58K","11.46%"
"Jan 13, 2019","117.93","127.41","127.65","116.11","245.76K","-7.44%"
"Jan 12, 2019","127.41","128.76","130.25","126.31","142.55K","-1.04%"
"Jan 11, 2019","128.75","129.53","131.79","124.98","281.06K","-0.58%"
"Jan 10, 2019","129.50","152.80","154.32","125.82","684.78K","-15.17%"
"Jan 09, 2019","152.65","152.85","159.08","151.34","291.78K","-0.13%"
"Jan 08, 2019","152.85","154.77","157.20","150.54","394.30K","-1.30%"
"Jan 07, 2019","154.87","160.74","162.49","153.46","194.38K","-3.71%"
"Jan 06, 2019","160.84","158.32","164.35","154.13","507.03K","1.59%"
"Jan 05, 2019","158.32","158.73","166.62","157.59","500.83K","-0.22%"
"Jan 04, 2019","158.67","152.44","162.07","150.51","553.20K","4.10%"
"Jan 03, 2019","152.42","159.51","160.78","150.02","329.59K","-4.35%"
"Jan 02, 2019","159.36","145.07","163.14","144.26","566.33K","10.02%"
"Jan 01, 2019","144.84","136.00","148.00","134.85","392.26K","6.50%"
"Dec 31, 2018","136.00","144.20","144.44","133.28","378.10K","-5.69%"
"Dec 30, 2018","144.20","139.82","145.18","135.25","443.22K","3.13%"
"Dec 29, 2018","139.82","142.11","153.00","136.29","684.93K","-1.87%"
"Dec 28, 2018","142.49","118.59","143.65","117.10","758.23K","20.07%"
"Dec 27, 2018","118.68","134.58","135.64","116.40","685.99K","-11.86%"
"Dec 26, 2018","134.64","132.99","141.30","127.50","554.95K","1.23%"
"Dec 25, 2018","133.00","142.58","143.50","125.37","860.10K","-6.85%"
"Dec 24, 2018","142.78","133.76","163.50","133.48","1.28M","6.74%"
"Dec 23, 2018","133.76","120.49","137.16","120.49","670.29K","10.88%"
"Dec 22, 2018","120.64","111.37","120.81","108.87","353.77K","8.32%"
"Dec 21, 2018","111.37","118.47","122.27","108.66","624.64K","-5.99%"
"Dec 20, 2018","118.47","102.37","119.49","102.00","808.69K","15.68%"
"Dec 19, 2018","102.41","104.10","110.90","101.80","662.72K","-1.56%"
"Dec 18, 2018","104.03","97.33","104.24","94.51","446.95K","6.88%"
"Dec 17, 2018","97.33","86.56","100.39","86.22","535.79K","12.45%"
"Dec 16, 2018","86.56","85.71","89.94","85.57","307.45K","0.95%"
"Dec 15, 2018","85.74","85.06","86.69","83.20","220.40K","0.63%"
"Dec 14, 2018","85.20","87.90","88.50","83.67","320.71K","-3.07%"
"Dec 13, 2018","87.90","91.82","92.92","86.06","324.36K","-4.34%"
"Dec 12, 2018","91.89","89.14","94.06","88.18","315.56K","3.08%"
"Dec 11, 2018","89.14","92.21","94.15","87.34","327.08K","-3.32%"
"Dec 10, 2018","92.20","95.90","97.60","90.45","320.27K","-3.99%"
"Dec 09, 2018","96.03","92.74","102.11","90.69","436.84K","3.55%"
"Dec 08, 2018","92.74","94.86","99.88","85.76","581.46K","-2.16%"
"Dec 07, 2018","94.78","91.80","98.68","83.00","1.21M","3.24%"
"Dec 06, 2018","91.81","102.66","105.16","91.47","754.71K","-10.36%"
"Dec 05, 2018","102.42","110.77","111.27","102.21","362.97K","-7.54%"
"Dec 04, 2018","110.77","109.23","114.83","107.02","303.15K","1.42%"
"Dec 03, 2018","109.22","117.12","117.40","106.93","320.09K","-6.56%"
"Dec 02, 2018","116.88","119.50","121.99","116.64","183.58K","-2.39%"
"Dec 01, 2018","119.75","113.63","122.71","111.77","360.58K","5.34%"
"Nov 30, 2018","113.68","118.52","120.64","112.12","480.25K","-4.01%"
"Nov 29, 2018","118.43","124.88","124.88","115.28","465.38K","-4.54%"
"Nov 28, 2018","124.06","112.55","127.85","112.05","685.99K","11.00%"
"Nov 27, 2018","111.77","110.03","114.29","103.03","608.91K","1.18%"
"Nov 26, 2018","110.47","118.94","121.18","107.08","797.68K","-7.04%"
"Nov 25, 2018","118.83","114.99","121.10","103.51","1.18M","3.03%"
"Nov 24, 2018","115.33","125.07","129.61","111.97","577.65K","-7.91%"
"Nov 23, 2018","125.24","126.27","128.40","120.00","675.20K","-1.71%"
"Nov 22, 2018","127.42","138.55","140.18","127.18","349.52K","-7.87%"
"Nov 21, 2018","138.31","134.04","141.39","127.63","834.37K","2.72%"
"Nov 20, 2018","134.65","151.14","154.17","128.15","1.50M","-11.06%"
"Nov 19, 2018","151.40","178.80","178.80","148.48","930.87K","-15.40%"
"Nov 18, 2018","178.95","176.40","182.00","176.20","151.57K","1.73%"
"Nov 17, 2018","175.90","176.99","177.52","174.22","99.38K","-0.77%"
"Nov 16, 2018","177.26","183.54","184.66","173.82","301.04K","-3.80%"
"Nov 15, 2018","184.27","187.20","189.31","172.06","534.86K","-0.88%"
"Nov 14, 2018","185.90","209.85","211.25","177.61","856.09K","-11.54%"
"Nov 13, 2018","210.14","212.71","213.36","209.18","115.63K","-1.21%"
"Nov 12, 2018","212.71","213.91","214.25","210.78","92.71K","-0.13%"
"Nov 11, 2018","212.99","213.20","213.68","209.05","89.76K","-0.10%"
"Nov 10, 2018","213.20","210.83","215.53","210.53","67.05K","1.04%"
"Nov 09, 2018","211.01","212.70","215.36","209.59","76.54K","-0.82%"
"Nov 08, 2018","212.76","218.99","220.52","212.76","107.04K","-2.84%"
"Nov 07, 2018","218.99","220.87","225.00","217.28","238.74K","-0.84%"
"Nov 06, 2018","220.85","210.89","221.03","209.19","199.59K","4.72%"
"Nov 05, 2018","210.89","212.53","212.68","207.92","110.75K","-0.56%"
"Nov 04, 2018","212.08","200.31","218.34","199.04","246.58K","5.99%"
"Nov 03, 2018","200.10","202.23","202.49","199.21","56.64K","-1.05%"
"Nov 02, 2018","202.23","199.87","203.50","199.86","101.69K","1.25%"
"Nov 01, 2018","199.73","199.14","200.21","198.05","49.92K","0.52%"
"Oct 31, 2018","198.70","197.32","200.05","193.24","128.40K","0.59%"
"Oct 30, 2018","197.54","196.91","198.40","195.97","75.04K","0.32%"
"Oct 29, 2018","196.91","205.12","205.37","195.77","173.71K","-3.93%"
"Oct 28, 2018","204.96","204.23","205.51","203.84","43.06K","0.36%"
"Oct 27, 2018","204.23","205.11","205.75","203.11","37.48K","-0.39%"
"Oct 26, 2018","205.03","204.09","208.08","203.46","158.09K","0.66%"
"Oct 25, 2018","203.69","205.11","205.79","202.90","65.61K","-0.76%"
"Oct 24, 2018","205.24","205.89","207.87","205.18","83.33K","-0.32%"
"Oct 23, 2018","205.90","206.55","207.70","202.81","116.46K","-0.13%"
"Oct 22, 2018","206.16","207.02","208.74","205.36","74.23K","-0.56%"
"Oct 21, 2018","207.32","208.15","211.24","207.10","87.01K","-0.41%"
"Oct 20, 2018","208.16","204.77","209.68","203.60","90.81K","1.59%"
"Oct 19, 2018","204.90","206.12","207.25","204.00","136.34K","-0.57%"
"Oct 18, 2018","206.08","213.00","214.67","203.90","187.51K","-3.21%"
"Oct 17, 2018","212.92","214.85","216.70","210.31","105.70K","-1.02%"
"Oct 16, 2018","215.12","213.59","218.40","211.49","136.36K","0.53%"
"Oct 15, 2018","213.99","195.58","238.85","194.50","967.31K","8.72%"
"Oct 14, 2018","196.83","201.28","203.20","195.20","166.03K","-2.19%"
"Oct 13, 2018","201.23","196.85","202.58","196.85","134.53K","2.14%"
"Oct 12, 2018","197.02","191.52","201.20","189.98","292.02K","3.07%"
"Oct 11, 2018","191.16","226.48","226.48","190.08","657.53K","-15.68%"
"Oct 10, 2018","226.70","228.63","228.63","224.04","152.86K","-0.79%"
"Oct 09, 2018","228.51","230.57","231.02","227.15","109.38K","-0.73%"
"Oct 08, 2018","230.20","226.90","232.36","224.20","247.53K","1.75%"
"Oct 07, 2018","226.23","225.21","227.51","221.76","102.43K","0.41%"
"Oct 06, 2018","225.31","228.44","229.00","223.29","106.61K","-1.46%"
"Oct 05, 2018","228.65","222.58","233.00","219.76","201.59K","2.86%"
"Oct 04, 2018","222.30","220.68","227.19","219.60","186.79K","0.70%"
"Oct 03, 2018","220.74","225.79","226.48","215.74","274.97K","-2.31%"
"Oct 02, 2018","225.97","231.49","232.26","224.69","132.13K","-2.38%"
"Oct 01, 2018","231.48","233.70","235.13","225.35","180.64K","-0.55%"
"Sep 30, 2018","232.75","231.33","238.92","226.27","312.40K","0.29%"
"Sep 29, 2018","232.08","221.11","237.24","213.00","478.41K","4.54%"
"Sep 28, 2018","222.01","229.29","233.54","214.88","484.34K","-3.18%"
"Sep 27, 2018","229.29","214.24","232.66","210.60","377.34K","6.93%"
"Sep 26, 2018","214.44","219.26","222.61","207.32","412.70K","-1.85%"
"Sep 25, 2018","218.48","227.84","227.84","203.52","691.87K","-4.11%"
"Sep 24, 2018","227.85","243.48","245.90","225.39","402.79K","-6.89%"
"Sep 23, 2018","244.70","240.99","249.44","237.39","248.22K","1.54%"
"Sep 22, 2018","241.00","251.91","254.90","233.31","346.30K","-2.74%"
"Sep 21, 2018","247.80","227.00","251.82","221.62","712.19K","9.65%"
"Sep 20, 2018","226.00","210.01","229.44","207.05","452.53K","7.71%"
"Sep 19, 2018","209.83","208.52","214.08","196.00","630.69K","0.49%"
"Sep 18, 2018","208.80","195.61","214.37","194.07","595.19K","6.18%"
"Sep 17, 2018","196.65","222.10","224.83","192.55","968.38K","-10.68%"
"Sep 16, 2018","220.16","221.48","223.57","204.12","375.94K","-0.66%"
"Sep 15, 2018","221.63","208.50","227.65","208.33","454.09K","5.76%"
"Sep 14, 2018","209.56","212.20","223.43","203.11","822.42K","-0.53%"
"Sep 13, 2018","210.67","183.38","215.00","183.38","857.54K","14.99%"
"Sep 12, 2018","183.21","184.97","184.99","167.72","744.43K","-1.10%"
"Sep 11, 2018","185.24","199.01","199.17","178.00","469.07K","-5.92%"
"Sep 10, 2018","196.89","195.98","202.74","187.00","350.63K","0.42%"
"Sep 09, 2018","196.06","197.30","208.37","185.41","420.73K","-0.29%"
"Sep 08, 2018","196.63","215.83","219.89","190.96","376.26K","-8.72%"
"Sep 07, 2018","215.40","229.72","234.37","213.79","305.53K","-6.26%"
"Sep 06, 2018","229.79","228.77","232.11","211.71","525.14K","0.71%"
"Sep 05, 2018","228.18","285.35","287.97","226.70","593.27K","-19.98%"
"Sep 04, 2018","285.17","289.27","293.00","282.72","170.22K","-1.42%"
"Sep 03, 2018","289.28","295.85","296.27","286.19","125.40K","-1.70%"
"Sep 02, 2018","294.27","295.73","299.42","289.56","127.05K","-0.49%"
"Sep 01, 2018","295.72","281.84","302.17","281.84","206.00K","4.91%"
"Aug 31, 2018","281.87","284.10","284.88","276.41","142.43K","-0.84%"
"Aug 30, 2018","284.25","288.76","291.01","272.45","216.13K","-1.68%"
"Aug 29, 2018","289.10","295.60","297.01","284.35","150.49K","-2.20%"
"Aug 28, 2018","295.59","288.17","297.98","282.83","180.50K","2.59%"
"Aug 27, 2018","288.12","274.33","288.12","271.71","159.85K","5.03%"
"Aug 26, 2018","274.33","277.28","277.64","269.44","113.45K","-1.07%"
"Aug 25, 2018","277.29","281.28","283.04","276.73","79.04K","-1.43%"
"Aug 24, 2018","281.30","275.86","283.12","270.20","111.68K","1.97%"
"Aug 23, 2018","275.86","270.50","280.30","268.28","154.46K","2.07%"
"Aug 22, 2018","270.26","281.25","299.33","259.28","333.34K","-3.97%"
"Aug 21, 2018","281.42","270.55","286.24","269.88","151.94K","3.92%"
"Aug 20, 2018","270.80","299.21","304.08","269.45","210.05K","-9.54%"
"Aug 19, 2018","299.37","294.30","306.45","288.65","154.97K","1.72%"
"Aug 18, 2018","294.30","317.68","321.10","282.78","216.90K","-7.31%"
"Aug 17, 2018","317.51","286.86","318.63","285.32","293.81K","10.66%"
"Aug 16, 2018","286.92","281.07","298.95","278.01","195.61K","2.01%"
"Aug 15, 2018","281.27","278.50","304.30","277.11","386.13K","1.11%"
"Aug 14, 2018","278.17","283.93","283.93","250.80","447.66K","-2.03%"
"Aug 13, 2018","283.92","318.17","322.86","280.81","320.35K","-10.76%"
"Aug 12, 2018","318.16","317.84","327.32","314.26","123.15K","0.13%"
"Aug 11, 2018","317.76","331.71","332.52","305.06","261.39K","-4.19%"
"Aug 10, 2018","331.65","363.27","365.60","326.22","170.12K","-8.69%"
"Aug 09, 2018","363.21","356.17","369.94","350.83","129.44K","2.13%"
"Aug 08, 2018","355.62","377.82","380.24","348.17","307.73K","-5.88%"
"Aug 07, 2018","377.82","404.86","410.49","368.75","190.72K","-6.74%"
"Aug 06, 2018","405.13","408.75","413.57","401.15","45.62K","-0.89%"
"Aug 05, 2018","408.75","407.06","413.38","399.75","89.02K","0.43%"
"Aug 04, 2018","407.00","417.66","419.00","401.70","107.43K","-2.57%"
"Aug 03, 2018","417.72","410.90","419.66","397.99","148.12K","1.66%"
"Aug 02, 2018","410.89","420.08","424.63","407.69","78.96K","-2.18%"
"Aug 01, 2018","420.03","432.17","434.93","407.75","182.07K","-2.69%"
"Jul 31, 2018","431.65","456.60","457.56","427.51","149.00K","-5.47%"
"Jul 30, 2018","456.65","466.47","469.40","446.68","133.40K","-2.11%"
"Jul 29, 2018","466.47","469.14","472.15","461.39","42.39K","-0.66%"
"Jul 28, 2018","469.56","470.24","471.67","461.35","44.40K","-0.14%"
"Jul 27, 2018","470.21","462.29","474.28","456.64","108.98K","1.71%"
"Jul 26, 2018","462.30","471.88","484.50","460.00","87.41K","-2.03%"
"Jul 25, 2018","471.89","479.32","485.22","464.28","94.99K","-1.64%"
"Jul 24, 2018","479.77","449.47","484.51","448.62","166.83K","6.79%"
"Jul 23, 2018","449.26","457.41","470.20","446.57","158.18K","-1.91%"
"Jul 22, 2018","457.99","460.75","471.88","455.00","65.14K","-0.60%"
"Jul 21, 2018","460.74","449.14","468.30","441.59","99.66K","2.58%"
"Jul 20, 2018","449.13","468.63","469.50","439.95","170.21K","-4.16%"
"Jul 19, 2018","468.64","478.97","484.31","462.69","139.42K","-2.15%"
"Jul 18, 2018","478.96","499.35","515.28","469.17","194.02K","-4.04%"
"Jul 17, 2018","499.11","478.71","511.33","466.04","190.93K","4.18%"
"Jul 16, 2018","479.09","450.00","480.60","445.17","205.39K","6.49%"
"Jul 15, 2018","449.90","433.51","455.22","431.19","82.15K","3.78%"
"Jul 14, 2018","433.50","432.17","439.85","427.90","71.14K","0.31%"
"Jul 13, 2018","432.16","430.90","442.15","424.41","104.05K","0.27%"
"Jul 12, 2018","430.99","445.53","445.71","417.80","136.87K","-3.18%"
"Jul 11, 2018","445.14","432.70","447.00","424.88","112.40K","2.95%"
"Jul 10, 2018","432.39","471.56","473.09","427.05","254.29K","-8.30%"
"Jul 09, 2018","471.55","486.09","487.89","468.79","111.26K","-2.99%"
"Jul 08, 2018","486.10","486.75","495.34","482.56","109.84K","-0.13%"
"Jul 07, 2018","486.71","470.37","488.70","461.85","119.51K","3.51%"
"Jul 06, 2018","470.19","467.52","476.20","451.75","133.85K","0.43%"
"Jul 05, 2018","468.18","467.47","478.54","458.30","189.42K","0.15%"
"Jul 04, 2018","467.46","462.01","481.68","451.54","143.95K","1.23%"
"Jul 03, 2018","461.78","476.80","487.06","459.91","160.61K","-3.15%"
"Jul 02, 2018","476.79","452.02","482.04","443.10","186.41K","5.48%"
"Jul 01, 2018","452.03","454.19","456.93","443.10","81.75K","-0.40%"
"Jun 30, 2018","453.85","435.70","463.10","435.70","171.42K","4.17%"
"Jun 29, 2018","435.70","420.78","442.71","405.00","231.79K","3.55%"
"Jun 28, 2018","420.78","441.65","443.49","417.73","148.35K","-4.73%"
"Jun 27, 2018","441.66","429.32","446.75","419.45","187.47K","2.83%"
"Jun 26, 2018","429.51","459.01","461.40","429.11","183.01K","-6.42%"
"Jun 25, 2018","459.00","455.00","473.57","445.34","186.20K","0.81%"
"Jun 24, 2018","455.32","473.60","475.48","421.00","282.23K","-3.83%"
"Jun 23, 2018","473.47","462.12","480.64","454.44","122.71K","2.53%"
"Jun 22, 2018","461.77","526.10","526.11","449.00","335.14K","-12.23%"
"Jun 21, 2018","526.11","536.30","545.30","521.91","93.37K","-1.89%"
"Jun 20, 2018","536.26","537.84","542.07","517.01","137.77K","-0.41%"
"Jun 19, 2018","538.47","517.73","548.31","515.11","166.36K","4.02%"
"Jun 18, 2018","517.64","496.70","524.42","487.36","135.52K","4.45%"
"Jun 17, 2018","495.60","496.78","507.71","493.50","76.26K","-0.29%"
"Jun 16, 2018","497.02","487.34","503.04","483.74","115.27K","2.00%"
"Jun 15, 2018","487.27","520.09","520.85","482.73","208.59K","-6.24%"
"Jun 14, 2018","519.69","476.40","526.07","459.68","389.72K","9.14%"
"Jun 13, 2018","476.15","493.74","501.11","450.11","338.36K","-3.66%"
"Jun 12, 2018","494.25","530.87","540.00","483.97","263.83K","-6.88%"
"Jun 11, 2018","530.78","523.00","535.56","509.26","234.56K","1.40%"
"Jun 10, 2018","523.44","592.55","592.55","500.49","316.08K","-11.76%"
"Jun 09, 2018","593.20","599.91","609.73","591.38","60.80K","-1.12%"
"Jun 08, 2018","599.90","604.35","608.43","593.07","77.90K","-0.91%"
"Jun 07, 2018","605.39","606.66","617.16","599.08","106.66K","-0.21%"
"Jun 06, 2018","606.67","608.71","611.99","593.19","100.34K","-0.33%"
"Jun 05, 2018","608.68","593.00","613.57","576.10","118.17K","2.98%"
"Jun 04, 2018","591.09","619.40","625.03","580.00","158.61K","-4.57%"
"Jun 03, 2018","619.39","590.45","628.69","590.04","126.91K","4.90%"
"Jun 02, 2018","590.44","579.24","600.00","573.90","149.63K","1.94%"
"Jun 01, 2018","579.23","577.00","589.81","564.35","153.82K","0.32%"
"May 31, 2018","577.41","557.10","586.54","553.18","187.67K","3.66%"
"May 30, 2018","557.01","567.15","585.17","542.00","198.94K","-1.74%"
"May 29, 2018","566.90","512.00","572.27","511.00","329.84K","10.72%"
"May 28, 2018","511.99","569.00","574.00","500.00","484.57K","-10.02%"
"May 27, 2018","569.00","584.63","591.94","553.23","266.25K","-2.83%"
"May 26, 2018","585.60","583.74","606.78","578.13","135.38K","0.20%"
"May 25, 2018","584.42","602.53","615.80","567.76","251.31K","-3.00%"
"May 24, 2018","602.52","576.89","608.50","540.00","415.41K","4.44%"
"May 23, 2018","576.90","640.00","649.49","564.04","418.70K","-9.93%"
"May 22, 2018","640.51","696.51","698.11","638.28","202.52K","-7.99%"
"May 21, 2018","696.13","715.50","719.68","686.74","84.90K","-2.71%"
"May 20, 2018","715.50","695.62","722.64","687.44","116.42K","2.82%"
"May 19, 2018","695.88","693.61","717.73","682.07","108.11K","0.33%"
"May 18, 2018","693.60","667.84","694.75","657.59","148.10K","3.86%"
"May 17, 2018","667.84","706.57","718.90","660.75","151.28K","-5.52%"
"May 16, 2018","706.89","705.07","709.99","659.00","182.20K","0.26%"
"May 15, 2018","705.06","727.42","739.29","694.97","174.35K","-3.07%"
"May 14, 2018","727.41","728.83","742.32","685.53","287.31K","-0.19%"
"May 13, 2018","728.78","683.44","740.00","668.82","205.65K","6.75%"