"Date","Price","Open","High","Low","Change %"
"Jun 12, 2020","7.0834","7.0815","7.0891","7.0712","0.26%"
"Jun 11, 2020","7.0650","7.0605","7.0760","7.0553","0.06%"
"Jun 10, 2020","7.0609","7.0773","7.0852","7.0569","-0.23%"
"Jun 09, 2020","7.0773","7.0750","7.0932","7.0699","0.08%"
"Jun 08, 2020","7.0715","7.0834","7.0915","7.0693","-0.15%"
"Jun 05, 2020","7.0820","7.1067","7.1149","7.0808","-0.40%"
"Jun 04, 2020","7.1102","7.1187","7.1311","7.1062","-0.08%"
"Jun 03, 2020","7.1157","7.0912","7.1263","7.0910","0.20%"
"Jun 02, 2020","7.1014","7.1153","7.1238","7.0976","-0.37%"
"Jun 01, 2020","7.1278","7.1151","7.1400","7.1099","-0.13%"
"May 29, 2020","7.1372","7.1577","7.1578","7.1314","-0.13%"
"May 28, 2020","7.1463","7.1697","7.1709","7.1441","-0.33%"
"May 27, 2020","7.1697","7.1355","7.1800","7.1340","0.49%"
"May 26, 2020","7.1350","7.1333","7.1395","7.1259","-0.03%"
"May 25, 2020","7.1368","7.1324","7.1451","7.1322","0.09%"
"May 22, 2020","7.1304","7.1150","7.1462","7.1130","0.21%"
"May 21, 2020","7.1153","7.0935","7.1177","7.0926","0.31%"
"May 20, 2020","7.0935","7.1003","7.1112","7.0914","-0.08%"
"May 19, 2020","7.0992","7.1017","7.1146","7.0966","-0.15%"
"May 18, 2020","7.1097","7.1062","7.1219","7.1013","0.11%"
"May 15, 2020","7.1021","7.0990","7.1095","7.0944","0.09%"
"May 14, 2020","7.0958","7.0950","7.1034","7.0927","0.05%"
"May 13, 2020","7.0922","7.0828","7.0971","7.0823","0.13%"
"May 12, 2020","7.0828","7.0958","7.1006","7.0790","-0.23%"
"May 11, 2020","7.0992","7.0762","7.0999","7.0712","0.35%"
"May 08, 2020","7.0742","7.0744","7.0811","7.0692","-0.14%"
"May 07, 2020","7.0844","7.1058","7.1085","7.0842","-0.29%"
"May 06, 2020","7.1046","7.0622","7.1061","7.0622","0.60%"
"May 01, 2020","7.0622","7.0622","7.0622","7.0622","0.00%"
"Apr 30, 2020","7.0622","7.0659","7.0675","7.0468","-0.21%"
"Apr 29, 2020","7.0768","7.0765","7.0820","7.0704","-0.04%"
"Apr 28, 2020","7.0796","7.0834","7.0911","7.0728","-0.10%"
"Apr 27, 2020","7.0865","7.0722","7.0915","7.0705","0.06%"
"Apr 24, 2020","7.0819","7.0809","7.0893","7.0742","0.22%"
"Apr 23, 2020","7.0667","7.0841","7.0888","7.0648","-0.25%"
"Apr 22, 2020","7.0841","7.0897","7.0920","7.0775","-0.11%"
"Apr 21, 2020","7.0920","7.0823","7.0988","7.0799","0.26%"
"Apr 20, 2020","7.0736","7.0802","7.0834","7.0679","0.01%"
"Apr 17, 2020","7.0731","7.0678","7.0832","7.0654","-0.10%"
"Apr 16, 2020","7.0798","7.0723","7.0840","7.0696","0.17%"
"Apr 15, 2020","7.0676","7.0476","7.0686","7.0455","0.27%"
"Apr 14, 2020","7.0486","7.0500","7.0629","7.0400","-0.06%"
"Apr 13, 2020","7.0526","7.0360","7.0570","7.0360","0.24%"
"Apr 10, 2020","7.0360","7.0475","7.0483","7.0275","-0.10%"
"Apr 09, 2020","7.0432","7.0645","7.0743","7.0335","-0.32%"
"Apr 08, 2020","7.0660","7.0621","7.0738","7.0575","0.29%"
"Apr 07, 2020","7.0458","7.0870","7.0873","7.0447","-0.66%"
"Apr 03, 2020","7.0928","7.0887","7.0994","7.0802","0.12%"
"Apr 02, 2020","7.0841","7.1165","7.1283","7.0840","-0.23%"
"Apr 01, 2020","7.1001","7.0825","7.1088","7.0798","0.25%"
"Mar 31, 2020","7.0825","7.0965","7.1019","7.0803","-0.25%"
"Mar 30, 2020","7.1003","7.0963","7.1051","7.0872","0.06%"
"Mar 27, 2020","7.0963","7.0630","7.0998","7.0557","0.32%"
"Mar 26, 2020","7.0735","7.0949","7.1220","7.0686","-0.58%"
"Mar 25, 2020","7.1148","7.0631","7.1180","7.0490","0.73%"
"Mar 24, 2020","7.0630","7.0870","7.0928","7.0572","-0.42%"
"Mar 23, 2020","7.0925","7.0997","7.1232","7.0788","-0.05%"
"Mar 20, 2020","7.0960","7.1075","7.1076","7.0502","-0.17%"
"Mar 19, 2020","7.1083","7.0474","7.1270","7.0474","0.86%"
"Mar 18, 2020","7.0474","7.0203","7.0479","7.0078","0.56%"
"Mar 17, 2020","7.0079","6.9951","7.0249","6.9869","0.21%"
"Mar 16, 2020","6.9934","7.0016","7.0251","6.9896","-0.22%"
"Mar 13, 2020","7.0086","7.0299","7.0379","6.9773","-0.30%"
"Mar 12, 2020","7.0294","6.9611","7.0373","6.9611","0.99%"
"Mar 11, 2020","6.9605","6.9584","6.9656","6.9442","0.06%"
"Mar 10, 2020","6.9564","6.9400","6.9612","6.9284","0.14%"
"Mar 09, 2020","6.9466","6.9108","6.9550","6.9108","0.21%"
"Mar 06, 2020","6.9321","6.9441","6.9601","6.9261","-0.07%"
"Mar 05, 2020","6.9373","6.9378","6.9444","6.9295","0.16%"
"Mar 04, 2020","6.9262","6.9422","6.9523","6.9215","-0.51%"
"Mar 03, 2020","6.9620","6.9605","6.9873","6.9595","0.01%"
"Mar 02, 2020","6.9610","6.9740","6.9778","6.9516","-0.44%"
"Feb 28, 2020","6.9920","7.0033","7.0133","6.9797","-0.18%"
"Feb 27, 2020","7.0045","7.0155","7.0222","7.0008","-0.26%"
"Feb 26, 2020","7.0225","7.0126","7.0260","7.0126","0.13%"
"Feb 25, 2020","7.0135","7.0110","7.0197","7.0080","-0.23%"
"Feb 24, 2020","7.0294","7.0385","7.0406","7.0237","0.03%"
"Feb 21, 2020","7.0271","7.0296","7.0442","7.0263","0.06%"
"Feb 20, 2020","7.0229","7.0075","7.0262","7.0027","0.35%"
"Feb 19, 2020","6.9982","7.0058","7.0133","6.9893","0.01%"
"Feb 18, 2020","6.9972","6.9854","7.0088","6.9854","0.23%"
"Feb 17, 2020","6.9813","6.9806","6.9832","6.9718","-0.08%"
"Feb 14, 2020","6.9869","6.9734","6.9879","6.9734","0.14%"
"Feb 13, 2020","6.9770","6.9736","6.9862","6.9724","0.07%"
"Feb 12, 2020","6.9719","6.9672","6.9771","6.9592","0.08%"
"Feb 11, 2020","6.9660","6.9834","6.9834","6.9595","-0.26%"
"Feb 10, 2020","6.9844","7.0001","7.0038","6.9772","-0.24%"
"Feb 07, 2020","7.0015","6.9776","7.0020","6.9759","0.44%"
"Feb 06, 2020","6.9707","6.9749","6.9829","6.9563","-0.04%"
"Feb 05, 2020","6.9738","6.9978","7.0088","6.9668","-0.35%"
"Feb 04, 2020","6.9985","7.0213","7.0213","6.9871","-0.33%"
"Feb 03, 2020","7.0215","6.9371","7.0256","6.9371","1.22%"
"Jan 31, 2020","6.9367","6.9367","6.9367","6.9367","0.00%"
"Jan 30, 2020","6.9367","6.9367","6.9367","6.9367","0.00%"
"Jan 29, 2020","6.9367","6.9367","6.9367","6.9367","0.00%"
"Jan 28, 2020","6.9367","6.9367","6.9367","6.9367","0.00%"
"Jan 27, 2020","6.9367","6.9367","6.9367","6.9367","0.00%"
"Jan 24, 2020","6.9367","6.9367","6.9367","6.9367","0.00%"
"Jan 23, 2020","6.9367","6.9060","6.9367","6.9060","0.44%"
"Jan 22, 2020","6.9066","6.9104","6.9196","6.8986","0.01%"
"Jan 21, 2020","6.9059","6.8773","6.9097","6.8765","0.57%"
"Jan 20, 2020","6.8669","6.8594","6.8670","6.8403","0.10%"
"Jan 17, 2020","6.8598","6.8757","6.8792","6.8525","-0.28%"
"Jan 16, 2020","6.8789","6.8849","6.8939","6.8762","-0.17%"
"Jan 15, 2020","6.8909","6.8938","6.8989","6.8837","0.10%"
"Jan 14, 2020","6.8841","6.8759","6.8895","6.8654","-0.14%"
"Jan 13, 2020","6.8937","6.9121","6.9157","6.8849","-0.37%"
"Jan 10, 2020","6.9192","6.9318","6.9398","6.9170","-0.18%"
"Jan 09, 2020","6.9318","6.9319","6.9362","6.9210","-0.21%"
"Jan 08, 2020","6.9462","6.9543","6.9556","6.9373","0.01%"
"Jan 07, 2020","6.9452","6.9679","6.9711","6.9290","-0.44%"
"Jan 06, 2020","6.9760","6.9686","6.9797","6.9683","0.15%"
"Jan 03, 2020","6.9655","6.9616","6.9759","6.9616","0.02%"
"Jan 02, 2020","6.9643","6.9597","6.9741","6.9569","0.02%"
"Jan 01, 2020","6.9632","6.9632","6.9657","6.9632","0.00%"
"Dec 31, 2019","6.9632","6.9832","6.9870","6.9556","-0.34%"
"Dec 30, 2019","6.9867","6.9958","6.9958","6.9783","-0.13%"
"Dec 27, 2019","6.9958","6.9932","7.0015","6.9916","-0.01%"
"Dec 26, 2019","6.9965","6.9891","7.0069","6.9880","0.10%"
"Dec 25, 2019","6.9894","7.0064","7.0064","6.9788","-0.26%"
"Dec 24, 2019","7.0075","7.0131","7.0151","7.0031","-0.07%"
"Dec 23, 2019","7.0127","7.0073","7.0142","7.0062","0.08%"
"Dec 20, 2019","7.0068","7.0102","7.0160","7.0030","-0.05%"
"Dec 19, 2019","7.0104","7.0006","7.0106","6.9971","0.08%"
"Dec 18, 2019","7.0050","7.0019","7.0129","6.9958","0.11%"
"Dec 17, 2019","6.9972","6.9954","7.0030","6.9910","0.05%"
"Dec 16, 2019","6.9935","6.9996","7.0084","6.9930","0.06%"
"Dec 13, 2019","6.9895","6.9641","7.0022","6.9636","0.07%"
"Dec 12, 2019","6.9849","7.0339","7.0408","6.9839","-0.77%"
"Dec 11, 2019","7.0388","7.0354","7.0408","7.0335","0.07%"
"Dec 10, 2019","7.0342","7.0392","7.0426","7.0313","-0.07%"
"Dec 09, 2019","7.0393","7.0334","7.0434","7.0297","0.06%"
"Dec 06, 2019","7.0350","7.0415","7.0499","7.0263","-0.14%"
"Dec 05, 2019","7.0448","7.0503","7.0569","7.0352","-0.07%"
"Dec 04, 2019","7.0499","7.0619","7.0744","7.0469","-0.16%"
"Dec 03, 2019","7.0613","7.0407","7.0614","7.0362","0.31%"
"Dec 02, 2019","7.0393","7.0268","7.0459","7.0266","0.10%"
"Nov 29, 2019","7.0324","7.0327","7.0370","7.0191","-0.04%"
"Nov 28, 2019","7.0354","7.0294","7.0357","7.0254","0.09%"
"Nov 27, 2019","7.0290","7.0245","7.0319","7.0177","-0.06%"
"Nov 26, 2019","7.0335","7.0289","7.0430","7.0259","-0.04%"
"Nov 25, 2019","7.0363","7.0404","7.0404","7.0315","-0.05%"
"Nov 22, 2019","7.0400","7.0262","7.0428","7.0249","0.15%"
"Nov 21, 2019","7.0293","7.0351","7.0451","7.0259","-0.09%"
"Nov 20, 2019","7.0359","7.0317","7.0394","7.0279","0.12%"
"Nov 19, 2019","7.0276","7.0259","7.0303","7.0202","0.02%"
"Nov 18, 2019","7.0260","7.0089","7.0268","7.0089","0.25%"
"Nov 15, 2019","7.0083","7.0201","7.0201","6.9992","-0.18%"
"Nov 14, 2019","7.0208","7.0240","7.0252","7.0143","-0.04%"
"Nov 13, 2019","7.0235","7.0076","7.0273","7.0076","0.22%"
"Nov 12, 2019","7.0079","7.0111","7.0111","6.9962","-0.04%"
"Nov 11, 2019","7.0106","6.9962","7.0122","6.9917","0.21%"
"Nov 08, 2019","6.9961","6.9691","6.9967","6.9676","0.25%"
"Nov 07, 2019","6.9784","6.9985","7.0208","6.9689","-0.28%"
"Nov 06, 2019","6.9981","6.9970","7.0052","6.9909","-0.17%"
"Nov 05, 2019","7.0097","7.0296","7.0316","6.9891","-0.29%"
"Nov 04, 2019","7.0304","7.0328","7.0343","7.0225","-0.10%"
"Nov 01, 2019","7.0375","7.0387","7.0495","7.0347","-0.03%"
"Oct 31, 2019","7.0395","7.0447","7.0507","7.0324","-0.22%"
"Oct 30, 2019","7.0553","7.0652","7.0682","7.0540","-0.15%"
"Oct 29, 2019","7.0658","7.0672","7.0672","7.0526","-0.03%"
"Oct 28, 2019","7.0678","7.0655","7.0693","7.0525","0.04%"
"Oct 25, 2019","7.0653","7.0697","7.0766","7.0624","-0.05%"
"Oct 24, 2019","7.0690","7.0664","7.0732","7.0560","0.05%"
"Oct 23, 2019","7.0656","7.0786","7.0895","7.0655","-0.16%"
"Oct 22, 2019","7.0769","7.0756","7.0840","7.0705","0.01%"
"Oct 21, 2019","7.0762","7.0819","7.0819","7.0662","-0.08%"
"Oct 18, 2019","7.0817","7.0742","7.0885","7.0668","0.06%"
"Oct 17, 2019","7.0774","7.0959","7.1016","7.0643","-0.23%"
"Oct 16, 2019","7.0935","7.0965","7.1045","7.0896","0.17%"
"Oct 15, 2019","7.0818","7.0663","7.0834","7.0629","0.20%"
"Oct 14, 2019","7.0675","7.0908","7.0910","7.0505","-0.29%"
"Oct 11, 2019","7.0880","7.1155","7.1155","7.0872","-0.40%"
"Oct 10, 2019","7.1162","7.1314","7.1314","7.1024","-0.23%"
"Oct 09, 2019","7.1324","7.1430","7.1523","7.1190","-0.17%"
"Oct 08, 2019","7.1444","7.1324","7.1503","7.1214","-0.05%"
"Oct 07, 2019","7.1483","7.1483","7.1483","7.1483","0.00%"
"Oct 04, 2019","7.1483","7.1483","7.1483","7.1483","0.00%"
"Oct 03, 2019","7.1483","7.1483","7.1483","7.1483","0.00%"
"Oct 02, 2019","7.1483","7.1483","7.1483","7.1483","0.00%"
"Oct 01, 2019","7.1483","7.1483","7.1483","7.1483","0.00%"
"Sep 30, 2019","7.1483","7.1303","7.1483","7.1174","0.36%"
"Sep 27, 2019","7.1227","7.1315","7.1388","7.1190","-0.14%"
"Sep 26, 2019","7.1326","7.1290","7.1375","7.1243","0.01%"
"Sep 25, 2019","7.1318","7.1154","7.1344","7.1075","0.22%"
"Sep 24, 2019","7.1164","7.1184","7.1235","7.1039","-0.03%"
"Sep 23, 2019","7.1185","7.0908","7.1300","7.0908","0.38%"
"Sep 20, 2019","7.0916","7.0958","7.0980","7.0815","-0.07%"
"Sep 19, 2019","7.0965","7.0851","7.1052","7.0851","0.15%"
"Sep 18, 2019","7.0860","7.0900","7.0927","7.0839","-0.08%"
"Sep 17, 2019","7.0918","7.0672","7.0983","7.0672","0.35%"
"Sep 16, 2019","7.0674","7.0789","7.0789","7.0627","-0.17%"
"Sep 13, 2019","7.0794","7.0814","7.0814","7.0794","0.00%"
"Sep 12, 2019","7.0793","7.0977","7.1030","7.0641","-0.53%"
"Sep 11, 2019","7.1167","7.1174","7.1238","7.1049","0.06%"
"Sep 10, 2019","7.1127","7.1211","7.1212","7.0976","-0.13%"
"Sep 09, 2019","7.1220","7.1147","7.1357","7.1147","0.09%"
"Sep 06, 2019","7.1157","7.1461","7.1576","7.1126","-0.46%"
"Sep 05, 2019","7.1485","7.1426","7.1566","7.1235","0.03%"
"Sep 04, 2019","7.1460","7.1819","7.1819","7.1460","-0.46%"
"Sep 03, 2019","7.1789","7.1714","7.1847","7.1703","0.10%"
"Sep 02, 2019","7.1719","7.1547","7.1738","7.1547","0.21%"
"Aug 30, 2019","7.1568","7.1459","7.1575","7.1392","0.17%"
"Aug 29, 2019","7.1445","7.1634","7.1715","7.1382","-0.29%"
"Aug 28, 2019","7.1653","7.1618","7.1701","7.1551","0.04%"
"Aug 27, 2019","7.1623","7.1434","7.1708","7.1434","0.15%"
"Aug 26, 2019","7.1513","7.1360","7.1535","7.1349","0.78%"
"Aug 23, 2019","7.0960","7.0893","7.1018","7.0731","0.18%"
"Aug 22, 2019","7.0836","7.0601","7.0940","7.0601","0.29%"
"Aug 21, 2019","7.0632","7.0594","7.0668","7.0499","0.04%"
"Aug 20, 2019","7.0605","7.0495","7.0686","7.0495","0.14%"
"Aug 19, 2019","7.0507","7.0386","7.0514","7.0381","0.11%"
"Aug 16, 2019","7.0428","7.0362","7.0472","7.0359","0.13%"
"Aug 15, 2019","7.0340","7.0273","7.0433","7.0169","0.14%"
"Aug 14, 2019","7.0244","7.0205","7.0293","7.0104","-0.27%"
"Aug 13, 2019","7.0435","7.0587","7.0724","7.0434","-0.21%"
"Aug 12, 2019","7.0582","7.0603","7.0693","7.0537","-0.06%"
"Aug 09, 2019","7.0624","7.0438","7.0624","7.0438","0.25%"
"Aug 08, 2019","7.0451","7.0588","7.0588","7.0363","-0.21%"
"Aug 07, 2019","7.0602","7.0353","7.0643","7.0298","0.48%"
"Aug 06, 2019","7.0264","7.0508","7.0605","7.0160","-0.35%"
"Aug 05, 2019","7.0508","7.0176","7.0564","7.0150","1.59%"
"Aug 02, 2019","6.9405","6.8985","6.9504","6.8985","0.61%"
"Aug 01, 2019","6.8986","6.8837","6.9065","6.8837","0.21%"
"Jul 31, 2019","6.8841","6.8857","6.8888","6.8777","-0.01%"
"Jul 30, 2019","6.8845","6.8904","6.8933","6.8754","-0.13%"
"Jul 29, 2019","6.8934","6.8792","6.8958","6.8759","0.21%"
"Jul 26, 2019","6.8792","6.8707","6.8818","6.8707","0.10%"
"Jul 25, 2019","6.8726","6.8689","6.8777","6.8665","0.00%"
"Jul 24, 2019","6.8725","6.8794","6.8840","6.8676","-0.10%"
"Jul 23, 2019","6.8792","6.8808","6.8846","6.8742","-0.03%"
"Jul 22, 2019","6.8811","6.8820","6.8834","6.8754","-0.02%"
"Jul 19, 2019","6.8822","6.8773","6.8822","6.8712","0.03%"
"Jul 18, 2019","6.8800","6.8712","6.8822","6.8712","0.09%"
"Jul 17, 2019","6.8736","6.8753","6.8835","6.8720","-0.04%"
"Jul 16, 2019","6.8762","6.8778","6.8799","6.8707","-0.02%"
"Jul 15, 2019","6.8777","6.8804","6.8830","6.8700","-0.05%"
"Jul 12, 2019","6.8808","6.8694","6.8820","6.8682","0.15%"
"Jul 11, 2019","6.8702","6.8724","6.8765","6.8587","-0.04%"
"Jul 10, 2019","6.8729","6.8863","6.8895","6.8700","-0.22%"
"Jul 09, 2019","6.8880","6.8879","6.8931","6.8806","0.09%"
"Jul 08, 2019","6.8819","6.8936","6.8960","6.8757","-0.17%"
"Jul 05, 2019","6.8936","6.8741","6.8939","6.8720","0.32%"
"Jul 04, 2019","6.8716","6.8761","6.8773","6.8677","-0.14%"
"Jul 03, 2019","6.8811","6.8762","6.8929","6.8751","0.12%"
"Jul 02, 2019","6.8729","6.8504","6.8834","6.8504","0.31%"
"Jul 01, 2019","6.8517","6.8673","6.8673","6.8341","-0.22%"
"Jun 28, 2019","6.8668","6.8748","6.8801","6.8595","-0.15%"
"Jun 27, 2019","6.8771","6.8785","6.8846","6.8738","-0.04%"
"Jun 26, 2019","6.8800","6.8876","6.8937","6.8658","0.00%"
"Jun 25, 2019","6.8798","6.8715","6.8851","6.8655","0.04%"
"Jun 24, 2019","6.8770","6.8736","6.8873","6.8700","0.10%"
"Jun 21, 2019","6.8700","6.8524","6.8793","6.8336","0.26%"
"Jun 20, 2019","6.8520","6.8949","6.8960","6.8441","-0.75%"
"Jun 19, 2019","6.9036","6.9042","6.9115","6.9024","0.01%"
"Jun 18, 2019","6.9032","6.9278","6.9330","6.9022","-0.33%"
"Jun 17, 2019","6.9258","6.9254","6.9276","6.9201","0.00%"
"Jun 14, 2019","6.9255","6.9205","6.9262","6.9200","0.06%"
"Jun 13, 2019","6.9216","6.9184","6.9230","6.9153","0.06%"
"Jun 12, 2019","6.9177","6.9110","6.9236","6.9095","0.09%"
"Jun 11, 2019","6.9114","6.9297","6.9297","6.9075","-0.28%"
"Jun 10, 2019","6.9310","6.9243","6.9366","6.9243","0.31%"
"Jun 07, 2019","6.9097","6.9122","6.9122","6.9097","0.00%"
"Jun 06, 2019","6.9097","6.9101","6.9184","6.9070","0.01%"
"Jun 05, 2019","6.9091","6.9075","6.9150","6.9011","0.01%"
"Jun 04, 2019","6.9083","6.9034","6.9150","6.8978","0.07%"
"Jun 03, 2019","6.9037","6.9044","6.9101","6.8978","-0.02%"
"May 31, 2019","6.9050","6.9027","6.9158","6.8995","0.04%"
"May 30, 2019","6.9019","6.9131","6.9156","6.8978","-0.18%"
"May 29, 2019","6.9145","6.9104","6.9182","6.9088","0.06%"
"May 28, 2019","6.9101","6.8983","6.9158","6.8983","0.18%"
"May 27, 2019","6.8979","6.8990","6.8994","6.8804","-0.03%"
"May 24, 2019","6.9002","6.9085","6.9149","6.8967","-0.15%"
"May 23, 2019","6.9105","6.9057","6.9211","6.9057","0.06%"
"May 22, 2019","6.9064","6.9008","6.9159","6.8962","0.06%"
"May 21, 2019","6.9023","6.9114","6.9179","6.8972","-0.14%"
"May 20, 2019","6.9123","6.9007","6.9174","6.9000","-0.09%"
"May 17, 2019","6.9187","6.8822","6.9187","6.8822","0.51%"
"May 16, 2019","6.8838","6.8747","6.8861","6.8731","0.11%"
"May 15, 2019","6.8761","6.8754","6.8812","6.8640","0.00%"
"May 14, 2019","6.8760","6.8776","6.8888","6.8642","-0.03%"
"May 13, 2019","6.8784","6.8240","6.8824","6.8240","0.80%"
"May 10, 2019","6.8240","6.8269","6.8278","6.7951","-0.05%"
"May 09, 2019","6.8274","6.7823","6.8307","6.7823","0.66%"
"May 08, 2019","6.7828","6.7759","6.7850","6.7656","0.09%"
"May 07, 2019","6.7769","6.7639","6.7810","6.7563","0.18%"
"May 06, 2019","6.7645","6.7379","6.8010","6.7379","0.44%"
"May 03, 2019","6.7346","6.7345","6.7346","6.7325","0.00%"
"May 02, 2019","6.7346","6.7348","6.7348","6.7325","-0.00%"
"May 01, 2019","6.7349","6.7369","6.7369","6.7349","0.00%"
"Apr 30, 2019","6.7349","6.7328","6.7418","6.7311","0.02%"
"Apr 29, 2019","6.7336","6.7292","6.7364","6.7265","0.06%"
"Apr 26, 2019","6.7298","6.7436","6.7436","6.7263","-0.20%"
"Apr 25, 2019","6.7431","6.7222","6.7496","6.7222","0.32%"
"Apr 24, 2019","6.7219","6.7251","6.7259","6.7145","-0.06%"
"Apr 23, 2019","6.7259","6.7114","6.7276","6.7084","0.21%"
"Apr 22, 2019","6.7120","6.7036","6.7149","6.7023","0.12%"
"Apr 19, 2019","6.7042","6.7063","6.7074","6.7001","-0.07%"
"Apr 18, 2019","6.7091","6.6871","6.7095","6.6845","0.31%"
"Apr 17, 2019","6.6882","6.7108","6.7116","6.6841","-0.36%"
"Apr 16, 2019","6.7122","6.7081","6.7134","6.7054","0.05%"
"Apr 15, 2019","6.7086","6.7043","6.7110","6.7036","0.06%"
"Apr 12, 2019","6.7044","6.7194","6.7235","6.6989","-0.22%"
"Apr 11, 2019","6.7194","6.7132","6.7197","6.7103","0.05%"
"Apr 10, 2019","6.7160","6.7176","6.7188","6.7099","0.06%"
"Apr 09, 2019","6.7119","6.7127","6.7195","6.7079","-0.07%"
"Apr 08, 2019","6.7164","6.7144","6.7218","6.7110","-0.04%"
"Apr 05, 2019","6.7190","6.7190","6.7190","6.7190","0.02%"
"Apr 04, 2019","6.7174","6.7073","6.7207","6.7065","0.09%"
"Apr 03, 2019","6.7114","6.7229","6.7229","6.7050","-0.18%"
"Apr 02, 2019","6.7233","6.7176","6.7252","6.7149","0.18%"
"Apr 01, 2019","6.7115","6.7125","6.7144","6.7003","-0.01%"
"Mar 29, 2019","6.7120","6.7336","6.7364","6.7066","-0.40%"
"Mar 28, 2019","6.7390","6.7267","6.7408","6.7207","0.18%"
"Mar 27, 2019","6.7271","6.7130","6.7278","6.7111","0.17%"
"Mar 26, 2019","6.7157","6.7071","6.7167","6.7026","0.09%"
"Mar 25, 2019","6.7094","6.7211","6.7214","6.7053","-0.13%"
"Mar 22, 2019","6.7181","6.7028","6.7183","6.6974","0.28%"
"Mar 21, 2019","6.6993","6.6806","6.7001","6.6726","0.07%"
"Mar 20, 2019","6.6946","6.7187","6.7198","6.6941","-0.26%"
"Mar 19, 2019","6.7119","6.7145","6.7211","6.7095","-0.02%"
"Mar 18, 2019","6.7130","6.7138","6.7180","6.7081","-0.01%"
"Mar 15, 2019","6.7138","6.7222","6.7302","6.7069","-0.14%"
"Mar 14, 2019","6.7230","6.7077","6.7299","6.7031","0.24%"
"Mar 13, 2019","6.7071","6.7053","6.7123","6.7026","-0.02%"
"Mar 12, 2019","6.7085","6.7241","6.7241","6.7038","-0.27%"
"Mar 11, 2019","6.7265","6.7244","6.7315","6.7224","0.07%"
"Mar 08, 2019","6.7216","6.7268","6.7278","6.7173","0.10%"
"Mar 07, 2019","6.7149","6.7082","6.7150","6.7034","0.04%"
"Mar 06, 2019","6.7119","6.7064","6.7201","6.7032","0.06%"
"Mar 05, 2019","6.7076","6.7077","6.7085","6.6970","0.00%"
"Mar 04, 2019","6.7073","6.7086","6.7086","6.6868","0.01%"
"Mar 01, 2019","6.7064","6.6943","6.7112","6.6942","0.18%"
"Feb 28, 2019","6.6941","6.6876","6.6943","6.6790","0.10%"
"Feb 27, 2019","6.6872","6.6937","6.6984","6.6783","-0.19%"
"Feb 26, 2019","6.7002","6.6893","6.7066","6.6893","0.16%"
"Feb 25, 2019","6.6894","6.7167","6.7167","6.6768","-0.37%"
"Feb 22, 2019","6.7142","6.7314","6.7368","6.7114","-0.08%"
"Feb 21, 2019","6.7198","6.7199","6.7263","6.6887","-0.02%"
"Feb 20, 2019","6.7213","6.7374","6.7415","6.7139","-0.55%"
"Feb 19, 2019","6.7587","6.7729","6.7825","6.7564","-0.12%"
"Feb 18, 2019","6.7667","6.7725","6.7725","6.7526","-0.09%"
"Feb 15, 2019","6.7730","6.7757","6.7864","6.7684","0.01%"
"Feb 14, 2019","6.7721","6.7676","6.7779","6.7583","0.17%"
"Feb 13, 2019","6.7604","6.7584","6.7665","6.7506","-0.20%"
"Feb 12, 2019","6.7740","6.7912","6.7956","6.7661","-0.27%"
"Feb 11, 2019","6.7923","6.7435","6.7939","6.7435","0.70%"
"Feb 08, 2019","6.7448","6.7448","6.7448","6.7448","0.00%"
"Feb 07, 2019","6.7448","6.7448","6.7448","6.7448","0.00%"
"Feb 06, 2019","6.7448","6.7448","6.7448","6.7448","0.00%"
"Feb 05, 2019","6.7448","6.7448","6.7448","6.7448","0.00%"
"Feb 04, 2019","6.7448","6.7448","6.7448","6.7448","0.00%"
"Feb 01, 2019","6.7448","6.7005","6.7448","6.7005","0.66%"
"Jan 31, 2019","6.7008","6.6996","6.7160","6.6955","-0.23%"
"Jan 30, 2019","6.7165","6.7354","6.7354","6.7081","-0.24%"
"Jan 29, 2019","6.7329","6.7467","6.7554","6.7300","-0.18%"
"Jan 28, 2019","6.7453","6.7415","6.7459","6.7215","-0.03%"
"Jan 25, 2019","6.7473","6.7919","6.7930","6.7472","-0.61%"
"Jan 24, 2019","6.7885","6.7821","6.8013","6.7793","-0.05%"
"Jan 23, 2019","6.7920","6.8050","6.8058","6.7782","-0.24%"
"Jan 22, 2019","6.8080","6.7912","6.8112","6.7912","0.15%"
"Jan 21, 2019","6.7980","6.7966","6.8019","6.7866","0.28%"
"Jan 18, 2019","6.7790","6.7721","6.7831","6.7693","0.04%"
"Jan 17, 2019","6.7764","6.7465","6.7797","6.7465","0.29%"
"Jan 16, 2019","6.7568","6.7729","6.7824","6.7550","-0.06%"
"Jan 15, 2019","6.7610","6.7465","6.7613","6.7392","-0.10%"
"Jan 14, 2019","6.7680","6.7434","6.7714","6.7350","0.07%"
"Jan 11, 2019","6.7630","6.7933","6.7934","6.7394","-0.38%"
"Jan 10, 2019","6.7885","6.8173","6.8235","6.7733","-0.41%"
"Jan 09, 2019","6.8165","6.8485","6.8485","6.8165","-0.54%"
"Jan 08, 2019","6.8532","6.8443","6.8623","6.8438","0.03%"
"Jan 07, 2019","6.8510","6.8507","6.8531","6.8440","-0.26%"
"Jan 04, 2019","6.8692","6.8687","6.8737","6.8639","-0.04%"
"Jan 03, 2019","6.8720","6.8639","6.8839","6.8639","0.15%"
"Jan 02, 2019","6.8620","6.8631","6.8694","6.8506","-0.24%"
"Jan 01, 2019","6.8785","6.8785","6.8785","6.8785","0.00%"
"Dec 31, 2018","6.8785","6.8785","6.8785","6.8785","0.00%"
"Dec 28, 2018","6.8785","6.8648","6.8785","6.8500","0.18%"
"Dec 27, 2018","6.8663","6.8899","6.8964","6.8635","-0.28%"
"Dec 26, 2018","6.8854","6.8873","6.8919","6.8761","-0.03%"
"Dec 25, 2018","6.8872","6.8961","6.8979","6.8765","-0.17%"
"Dec 24, 2018","6.8991","6.9078","6.9131","6.8949","-0.11%"
"Dec 21, 2018","6.9065","6.8818","6.9078","6.8818","0.31%"
"Dec 20, 2018","6.8851","6.9050","6.9150","6.8836","-0.10%"
"Dec 19, 2018","6.8922","6.8908","6.8983","6.8873","-0.04%"
"Dec 18, 2018","6.8951","6.8917","6.9017","6.8882","-0.03%"
"Dec 17, 2018","6.8972","6.9009","6.9035","6.8927","-0.15%"
"Dec 14, 2018","6.9077","6.8883","6.9078","6.8869","0.38%"
"Dec 13, 2018","6.8816","6.8776","6.8837","6.8641","0.02%"
"Dec 12, 2018","6.8800","6.8849","6.8951","6.8769","-0.29%"
"Dec 11, 2018","6.9000","6.9185","6.9185","6.8950","-0.17%"
"Dec 10, 2018","6.9117","6.8918","6.9181","6.8861","0.52%"
"Dec 07, 2018","6.8757","6.8800","6.8919","6.8682","-0.10%"
"Dec 06, 2018","6.8827","6.8559","6.8970","6.8559","0.38%"
"Dec 05, 2018","6.8567","6.8518","6.8712","6.8458","0.28%"
"Dec 04, 2018","6.8373","6.8835","6.8915","6.8338","-0.66%"
"Dec 03, 2018","6.8830","6.9275","6.9367","6.8830","-1.11%"
"Nov 30, 2018","6.9605","6.9496","6.9605","6.9449","0.26%"
"Nov 29, 2018","6.9425","6.9437","6.9477","6.9353","-0.16%"
"Nov 28, 2018","6.9539","6.9499","6.9574","6.9499","0.03%"
"Nov 27, 2018","6.9515","6.9491","6.9552","6.9446","0.15%"
"Nov 26, 2018","6.9408","6.9466","6.9481","6.9341","-0.11%"
"Nov 23, 2018","6.9485","6.9328","6.9496","6.9320","0.24%"
"Nov 22, 2018","6.9319","6.9317","6.9389","6.9230","0.07%"
"Nov 21, 2018","6.9270","6.9435","6.9519","6.9270","-0.26%"
"Nov 20, 2018","6.9452","6.9439","6.9469","6.9367","0.05%"
"Nov 19, 2018","6.9420","6.9348","6.9472","6.9347","0.06%"
"Nov 16, 2018","6.9380","6.9392","6.9518","6.9297","-0.02%"
"Nov 15, 2018","6.9393","6.9428","6.9473","6.9329","-0.16%"
"Nov 14, 2018","6.9505","6.9491","6.9551","6.9463","-0.08%"
"Nov 13, 2018","6.9560","6.9657","6.9710","6.9496","-0.11%"
"Nov 12, 2018","6.9635","6.9519","6.9704","6.9490","0.10%"
"Nov 09, 2018","6.9568","6.9399","6.9568","6.9399","0.32%"
"Nov 08, 2018","6.9345","6.9254","6.9394","6.9254","0.21%"
"Nov 07, 2018","6.9200","6.9256","6.9435","6.9145","0.01%"
"Nov 06, 2018","6.9195","6.9268","6.9307","6.9136","-0.09%"
"Nov 05, 2018","6.9257","6.8902","6.9309","6.8902","0.51%"
"Nov 02, 2018","6.8907","6.9108","6.9328","6.8689","-0.47%"
"Nov 01, 2018","6.9234","6.9685","6.9723","6.9216","-0.75%"
"Oct 31, 2018","6.9756","6.9680","6.9783","6.9638","0.12%"
"Oct 30, 2018","6.9672","6.9615","6.9720","6.9592","0.08%"
"Oct 29, 2018","6.9619","6.9402","6.9629","6.9401","0.26%"
"Oct 26, 2018","6.9435","6.9535","6.9652","6.9351","-0.08%"
"Oct 25, 2018","6.9489","6.9443","6.9527","6.9422","0.07%"
"Oct 24, 2018","6.9440","6.9405","6.9456","6.9369","0.08%"
"Oct 23, 2018","6.9383","6.9454","6.9455","6.9357","-0.13%"
"Oct 22, 2018","6.9474","6.9319","6.9478","6.9319","0.26%"
"Oct 19, 2018","6.9297","6.9402","6.9422","6.9267","-0.11%"
"Oct 18, 2018","6.9376","6.9349","6.9429","6.9340","0.15%"
"Oct 17, 2018","6.9275","6.9115","6.9298","6.9114","0.22%"
"Oct 16, 2018","6.9120","6.9153","6.9277","6.9071","-0.07%"
"Oct 15, 2018","6.9168","6.9232","6.9336","6.9164","-0.08%"
"Oct 12, 2018","6.9225","6.8914","6.9322","6.8914","0.47%"
"Oct 11, 2018","6.8899","6.9243","6.9350","6.8899","-0.50%"
"Oct 10, 2018","6.9242","6.9227","6.9258","6.9169","0.02%"
"Oct 09, 2018","6.9227","6.9300","6.9300","6.9082","-0.12%"
"Oct 08, 2018","6.9307","6.9040","6.9338","6.8947","0.90%"
"Oct 05, 2018","6.8689","6.8689","6.8689","6.8689","0.00%"
"Oct 04, 2018","6.8689","6.8689","6.8689","6.8689","0.00%"
"Oct 03, 2018","6.8689","6.8689","6.8689","6.8689","0.00%"
"Oct 02, 2018","6.8689","6.8689","6.8689","6.8689","0.00%"
"Oct 01, 2018","6.8689","6.8689","6.8689","6.8689","0.00%"
"Sep 28, 2018","6.8689","6.8872","6.8905","6.8678","-0.31%"
"Sep 27, 2018","6.8902","6.8788","6.8933","6.8700","0.17%"
"Sep 26, 2018","6.8786","6.8748","6.8803","6.8708","0.18%"
"Sep 25, 2018","6.8665","6.8608","6.8842","6.8605","0.14%"
"Sep 24, 2018","6.8571","6.8571","6.8571","6.8571","0.00%"
"Sep 21, 2018","6.8571","6.8357","6.8604","6.8337","0.15%"
"Sep 20, 2018","6.8468","6.8515","6.8583","6.8403","-0.02%"
"Sep 19, 2018","6.8483","6.8653","6.8676","6.8473","-0.19%"
"Sep 18, 2018","6.8616","6.8552","6.8807","6.8552","0.07%"
"Sep 17, 2018","6.8570","6.8695","6.8781","6.8558","-0.17%"
"Sep 14, 2018","6.8690","6.8447","6.8690","6.8447","0.35%"
"Sep 13, 2018","6.8448","6.8368","6.8541","6.8282","-0.23%"
"Sep 12, 2018","6.8606","6.8736","6.8826","6.8606","-0.18%"
"Sep 11, 2018","6.8730","6.8656","6.8791","6.8582","0.25%"
"Sep 10, 2018","6.8556","6.8479","6.8667","6.8479","0.17%"
"Sep 07, 2018","6.8438","6.8332","6.8498","6.8265","0.12%"
"Sep 06, 2018","6.8355","6.8298","6.8424","6.8239","0.07%"
"Sep 05, 2018","6.8305","6.8303","6.8469","6.8292","-0.20%"
"Sep 04, 2018","6.8442","6.8240","6.8453","6.8061","0.31%"
"Sep 03, 2018","6.8228","6.8434","6.8469","6.8174","-0.13%"
"Aug 31, 2018","6.8315","6.8472","6.8485","6.8230","-0.19%"
"Aug 30, 2018","6.8445","6.8216","6.8446","6.8216","0.34%"
"Aug 29, 2018","6.8213","6.8012","6.8299","6.8012","0.27%"
"Aug 28, 2018","6.8030","6.8134","6.8214","6.7984","-0.18%"
"Aug 27, 2018","6.8156","6.8168","6.8266","6.8064","0.13%"
"Aug 24, 2018","6.8070","6.8755","6.8947","6.8070","-1.03%"
"Aug 23, 2018","6.8777","6.8559","6.8799","6.8557","0.52%"
"Aug 22, 2018","6.8418","6.8388","6.8490","6.8388","-0.08%"
"Aug 21, 2018","6.8472","6.8382","6.8523","6.8338","-0.15%"
"Aug 20, 2018","6.8578","6.8625","6.8693","6.8467","-0.29%"
"Aug 17, 2018","6.8775","6.8687","6.8967","6.8687","-0.07%"
"Aug 16, 2018","6.8825","6.9227","6.9227","6.8816","-0.75%"
"Aug 15, 2018","6.9348","6.8921","6.9348","6.8877","0.74%"
"Aug 14, 2018","6.8842","6.8872","6.8972","6.8799","-0.10%"
"Aug 13, 2018","6.8913","6.8762","6.8914","6.8700","0.64%"
"Aug 10, 2018","6.8472","6.8360","6.8609","6.8308","0.38%"
"Aug 09, 2018","6.8210","6.8276","6.8381","6.8130","-0.22%"
"Aug 08, 2018","6.8357","6.8067","6.8414","6.8002","0.06%"
"Aug 07, 2018","6.8318","6.8510","6.8658","6.8223","-0.32%"
"Aug 06, 2018","6.8535","6.8276","6.8541","6.8010","0.30%"
"Aug 03, 2018","6.8332","6.8584","6.8949","6.8332","-0.14%"
"Aug 02, 2018","6.8428","6.8094","6.8514","6.8093","0.29%"
"Aug 01, 2018","6.8227","6.8294","6.8369","6.7957","0.15%"
"Jul 31, 2018","6.8127","6.8349","6.8450","6.8127","-0.03%"
"Jul 30, 2018","6.8150","6.8208","6.8437","6.8150","0.02%"
"Jul 27, 2018","6.8137","6.8080","6.8409","6.8018","0.31%"
"Jul 26, 2018","6.7927","6.7424","6.7958","6.7423","0.34%"
"Jul 25, 2018","6.7697","6.7951","6.8088","6.7573","-0.32%"
"Jul 24, 2018","6.7915","6.8145","6.8248","6.7914","-0.02%"
"Jul 23, 2018","6.7930","6.7535","6.7965","6.7404","0.33%"
"Jul 20, 2018","6.7709","6.7790","6.8155","6.7699","-0.06%"
"Jul 19, 2018","6.7751","6.7249","6.7881","6.7242","0.83%"
"Jul 18, 2018","6.7196","6.7065","6.7233","6.6986","0.20%"
"Jul 17, 2018","6.7065","6.6931","6.7081","6.6760","0.23%"
"Jul 16, 2018","6.6911","6.6919","6.7087","6.6751","-0.01%"
"Jul 13, 2018","6.6917","6.6578","6.7054","6.6525","0.36%"
"Jul 12, 2018","6.6677","6.7023","6.7063","6.6634","-0.20%"
"Jul 11, 2018","6.6812","6.6734","6.6832","6.6563","0.77%"
"Jul 10, 2018","6.6299","6.5983","6.6353","6.5983","0.21%"
"Jul 09, 2018","6.6161","6.6429","6.6444","6.6135","-0.41%"
"Jul 06, 2018","6.6436","6.6380","6.6685","6.6380","0.10%"
"Jul 05, 2018","6.6371","6.6299","6.6478","6.6299","0.07%"
"Jul 04, 2018","6.6325","6.6403","6.6403","6.6040","-0.15%"
"Jul 03, 2018","6.6425","6.7089","6.7225","6.6410","-0.38%"
"Jul 02, 2018","6.6680","6.6317","6.6681","6.6311","0.71%"
"Jun 29, 2018","6.6210","6.6305","6.6429","6.6085","-0.09%"
"Jun 28, 2018","6.6270","6.6181","6.6335","6.6090","0.34%"
"Jun 27, 2018","6.6047","6.5858","6.6200","6.5858","0.39%"
"Jun 26, 2018","6.5793","6.5373","6.5818","6.5369","0.60%"
"Jun 25, 2018","6.5400","6.5039","6.5474","6.5039","0.53%"
"Jun 22, 2018","6.5058","6.4947","6.5098","6.4947","0.19%"
"Jun 21, 2018","6.4932","6.4820","6.5094","6.4820","0.30%"
"Jun 20, 2018","6.4737","6.4654","6.4812","6.4654","-0.18%"
"Jun 19, 2018","6.4852","6.4428","6.4853","6.4428","0.71%"
"Jun 18, 2018","6.4394","6.4394","6.4394","6.4394","0.00%"
"Jun 15, 2018","6.4394","6.4195","6.4394","6.4131","0.59%"
"Jun 14, 2018","6.4017","6.3986","6.4048","6.3929","0.05%"
"Jun 13, 2018","6.3983","6.4134","6.4140","6.3968","-0.07%"
"Jun 12, 2018","6.4028","6.4111","6.4123","6.4023","0.02%"
"Jun 11, 2018","6.4017","6.4067","6.4101","6.4013","-0.08%"
"Jun 08, 2018","6.4066","6.4005","6.4149","6.4005","0.23%"
"Jun 07, 2018","6.3921","6.3899","6.3987","6.3898","0.06%"
"Jun 06, 2018","6.3884","6.4072","6.4072","6.3862","-0.28%"
"Jun 05, 2018","6.4061","6.4065","6.4145","6.4001","-0.06%"
"Jun 04, 2018","6.4100","6.4230","6.4279","6.4062","-0.16%"
"Jun 01, 2018","6.4204","6.4098","6.4217","6.4095","0.16%"
"May 31, 2018","6.4103","6.4174","6.4175","6.3995","-0.14%"
"May 30, 2018","6.4190","6.4207","6.4345","6.4161","0.02%"
"May 29, 2018","6.4176","6.4088","6.4230","6.4047","0.29%"
"May 28, 2018","6.3993","6.3892","6.4006","6.3887","0.12%"
"May 25, 2018","6.3918","6.3883","6.3929","6.3849","0.21%"
"May 24, 2018","6.3783","6.3896","6.3972","6.3773","-0.16%"
"May 23, 2018","6.3885","6.3695","6.3913","6.3695","0.33%"
"May 22, 2018","6.3675","6.3750","6.3793","6.3657","-0.25%"
"May 21, 2018","6.3835","6.3797","6.3947","6.3775","0.05%"
"May 18, 2018","6.3800","6.3730","6.3817","6.3691","0.20%"
"May 17, 2018","6.3671","6.3723","6.3723","6.3574","-0.07%"
"May 16, 2018","6.3715","6.3766","6.3804","6.3647","-0.10%"
"May 15, 2018","6.3777","6.3422","6.3804","6.3422","0.61%"
"May 14, 2018","6.3392","6.3338","6.3438","6.3338","0.08%"